trader_id,strategy_id,instrument_id,venue_order_id,position_id,account_id,last_trade_id,type,side,quantity,time_in_force,is_reduce_only,is_quote_quantity,filled_qty,liquidity_side,avg_px,slippage,commissions,emulation_trigger,status,contingency_type,order_list_id,linked_order_ids,parent_order_id,exec_algorithm_id,exec_algorithm_params,exec_spawn_id,tags,init_id,ts_init,ts_last
BACKTESTER-001,EMACrossStrategy-000,GCM6.GLBX,GLBX-1-001,GCM6.GLBX-EMACrossStrategy-000,GLBX-001,GLBX-1-001,MARKET,BUY,1,GTC,False,False,1,TAKER,4641.4,0.0,['0.00 USD'],NO_TRIGGER,FILLED,NO_CONTINGENCY,,,,MY_GENERIC_ALGO,,O-20260406-002000-001-000-1,,6d7f7bfd-44e1-4d75-a097-af1266b596d3,2026-04-06 00:20:00+00:00,2026-04-06 00:20:00+00:00
BACKTESTER-001,EMACrossStrategy-000,GCM6.GLBX,GLBX-1-002,GCM6.GLBX-EMACrossStrategy-000,GLBX-001,GLBX-1-002,MARKET,SELL,1,GTC,True,False,1,TAKER,4643.5,0.0,['0.00 USD'],NO_TRIGGER,FILLED,NO_CONTINGENCY,,,,MY_GENERIC_ALGO,,O-20260406-002300-001-000-2,,b562488d-a067-4dd4-87bd-c46b3adb3a14,2026-04-06 00:23:00+00:00,2026-04-06 00:23:00+00:00
BACKTESTER-001,EMACrossStrategy-000,GCM6.GLBX,GLBX-1-003,GCM6.GLBX-EMACrossStrategy-000,GLBX-001,GLBX-1-003,MARKET,SELL,1,GTC,False,False,1,TAKER,4643.5,0.0,['0.00 USD'],NO_TRIGGER,FILLED,NO_CONTINGENCY,,,,MY_GENERIC_ALGO,,O-20260406-002300-001-000-3,,5fb08c64-fe05-4882-a128-3c013257b2d9,2026-04-06 00:23:00+00:00,2026-04-06 00:23:00+00:00
BACKTESTER-001,EMACrossStrategy-000,GCM6.GLBX,GLBX-1-004,GCM6.GLBX-EMACrossStrategy-000,GLBX-001,GLBX-1-004,MARKET,BUY,1,GTC,True,False,1,TAKER,4647.7,0.0,['0.00 USD'],NO_TRIGGER,FILLED,NO_CONTINGENCY,,,,MY_GENERIC_ALGO,,O-20260406-002400-001-000-4,,e4e723ff-b16b-4f95-ad01-1df03535aef7,2026-04-06 00:24:00+00:00,2026-04-06 00:24:00+00:00
BACKTESTER-001,EMACrossStrategy-000,GCM6.GLBX,GLBX-1-005,GCM6.GLBX-EMACrossStrategy-000,GLBX-001,GLBX-1-005,MARKET,BUY,1,GTC,False,False,1,TAKER,4647.7,0.0,['0.00 USD'],NO_TRIGGER,FILLED,NO_CONTINGENCY,,,,MY_GENERIC_ALGO,,O-20260406-002400-001-000-5,,5af04240-8a58-40a6-9aee-dde065bc01ab,2026-04-06 00:24:00+00:00,2026-04-06 00:24:00+00:00
BACKTESTER-001,EMACrossStrategy-000,GCM6.GLBX,GLBX-1-006,GCM6.GLBX-EMACrossStrategy-000,GLBX-001,GLBX-1-006,MARKET,SELL,1,GTC,True,False,1,TAKER,4642.1,0.0,['0.00 USD'],NO_TRIGGER,FILLED,NO_CONTINGENCY,,,,MY_GENERIC_ALGO,,O-20260406-002500-001-000-6,,39005a5d-143e-4ec0-86c6-eb094994160a,2026-04-06 00:25:00+00:00,2026-04-06 00:25:00+00:00
BACKTESTER-001,EMACrossStrategy-000,GCM6.GLBX,GLBX-1-007,GCM6.GLBX-EMACrossStrategy-000,GLBX-001,GLBX-1-007,MARKET,SELL,1,GTC,False,False,1,TAKER,4642.1,0.0,['0.00 USD'],NO_TRIGGER,FILLED,NO_CONTINGENCY,,,,MY_GENERIC_ALGO,,O-20260406-002500-001-000-7,,05ca201a-63a1-4791-9f71-51f43f96c683,2026-04-06 00:25:00+00:00,2026-04-06 00:25:00+00:00
BACKTESTER-001,EMACrossStrategy-000,GCM6.GLBX,GLBX-1-008,GCM6.GLBX-EMACrossStrategy-000,GLBX-001,GLBX-1-008,MARKET,BUY,1,GTC,True,False,1,TAKER,4646.1,0.0,['0.00 USD'],NO_TRIGGER,FILLED,NO_CONTINGENCY,,,,MY_GENERIC_ALGO,,O-20260406-004300-001-000-8,,7d096b73-46ed-469d-8d40-b04751e00048,2026-04-06 00:43:00+00:00,2026-04-06 00:43:00+00:00
BACKTESTER-001,EMACrossStrategy-000,GCM6.GLBX,GLBX-1-009,GCM6.GLBX-EMACrossStrategy-000,GLBX-001,GLBX-1-009,MARKET,BUY,1,GTC,False,False,1,TAKER,4646.1,0.0,['0.00 USD'],NO_TRIGGER,FILLED,NO_CONTINGENCY,,,,MY_GENERIC_ALGO,,O-20260406-004300-001-000-9,,3f757e04-979b-492f-ba0c-5ba43804cd21,2026-04-06 00:43:00+00:00,2026-04-06 00:43:00+00:00
BACKTESTER-001,EMACrossStrategy-000,GCM6.GLBX,GLBX-1-010,GCM6.GLBX-EMACrossStrategy-000,GLBX-001,GLBX-1-010,MARKET,SELL,1,GTC,True,False,1,TAKER,4648.2,0.0,['0.00 USD'],NO_TRIGGER,FILLED,NO_CONTINGENCY,,,,MY_GENERIC_ALGO,,O-20260406-012100-001-000-10,,d8e39cf2-ef56-43cf-91f3-0660ad702cef,2026-04-06 01:21:00+00:00,2026-04-06 01:21:00+00:00
BACKTESTER-001,EMACrossStrategy-000,GCM6.GLBX,GLBX-1-011,GCM6.GLBX-EMACrossStrategy-000,GLBX-001,GLBX-1-011,MARKET,SELL,1,GTC,False,False,1,TAKER,4648.2,0.0,['0.00 USD'],NO_TRIGGER,FILLED,NO_CONTINGENCY,,,,MY_GENERIC_ALGO,,O-20260406-012100-001-000-11,,94d36ac9-ecc0-43c6-952b-15417b54d3b7,2026-04-06 01:21:00+00:00,2026-04-06 01:21:00+00:00
BACKTESTER-001,EMACrossStrategy-000,GCM6.GLBX,GLBX-1-012,GCM6.GLBX-EMACrossStrategy-000,GLBX-001,GLBX-1-012,MARKET,BUY,1,GTC,True,False,1,TAKER,4660.6,0.0,['0.00 USD'],NO_TRIGGER,FILLED,NO_CONTINGENCY,,,,MY_GENERIC_ALGO,,O-20260406-012400-001-000-12,,52873b19-ff26-4b4c-9191-a6689fead376,2026-04-06 01:24:00+00:00,2026-04-06 01:24:00+00:00
BACKTESTER-001,EMACrossStrategy-000,GCM6.GLBX,GLBX-1-013,GCM6.GLBX-EMACrossStrategy-000,GLBX-001,GLBX-1-013,MARKET,BUY,1,GTC,False,False,1,TAKER,4660.6,0.0,['0.00 USD'],NO_TRIGGER,FILLED,NO_CONTINGENCY,,,,MY_GENERIC_ALGO,,O-20260406-012400-001-000-13,,3be9ed28-37a5-4ef4-a3f3-cb06d433bd99,2026-04-06 01:24:00+00:00,2026-04-06 01:24:00+00:00
BACKTESTER-001,EMACrossStrategy-000,GCM6.GLBX,GLBX-1-014,GCM6.GLBX-EMACrossStrategy-000,GLBX-001,GLBX-1-014,MARKET,SELL,1,GTC,True,False,1,TAKER,4652.8,0.0,['0.00 USD'],NO_TRIGGER,FILLED,NO_CONTINGENCY,,,,MY_GENERIC_ALGO,,O-20260406-013400-001-000-14,,24814fdd-f851-41fd-afc3-7d5faf88b9cc,2026-04-06 01:34:00+00:00,2026-04-06 01:34:00+00:00
BACKTESTER-001,EMACrossStrategy-000,GCM6.GLBX,GLBX-1-015,GCM6.GLBX-EMACrossStrategy-000,GLBX-001,GLBX-1-015,MARKET,SELL,1,GTC,False,False,1,TAKER,4652.8,0.0,['0.00 USD'],NO_TRIGGER,FILLED,NO_CONTINGENCY,,,,MY_GENERIC_ALGO,,O-20260406-013400-001-000-15,,f4d5ff2c-7f22-465a-807d-fe5b546e0ca2,2026-04-06 01:34:00+00:00,2026-04-06 01:34:00+00:00
BACKTESTER-001,EMACrossStrategy-000,GCM6.GLBX,GLBX-1-016,GCM6.GLBX-EMACrossStrategy-000,GLBX-001,GLBX-1-016,MARKET,BUY,1,GTC,True,False,1,TAKER,4655.4,0.0,['0.00 USD'],NO_TRIGGER,FILLED,NO_CONTINGENCY,,,,MY_GENERIC_ALGO,,O-20260406-020500-001-000-16,,6743db62-69fe-41c3-b490-f5272582455d,2026-04-06 02:05:00+00:00,2026-04-06 02:05:00+00:00
BACKTESTER-001,EMACrossStrategy-000,GCM6.GLBX,GLBX-1-017,GCM6.GLBX-EMACrossStrategy-000,GLBX-001,GLBX-1-017,MARKET,BUY,1,GTC,False,False,1,TAKER,4655.4,0.0,['0.00 USD'],NO_TRIGGER,FILLED,NO_CONTINGENCY,,,,MY_GENERIC_ALGO,,O-20260406-020500-001-000-17,,f7c4bac0-f26b-4493-a9d7-d230b3d555a0,2026-04-06 02:05:00+00:00,2026-04-06 02:05:00+00:00
BACKTESTER-001,EMACrossStrategy-000,GCM6.GLBX,GLBX-1-018,GCM6.GLBX-EMACrossStrategy-000,GLBX-001,GLBX-1-018,MARKET,SELL,1,GTC,True,False,1,TAKER,4674.8,0.0,['0.00 USD'],NO_TRIGGER,FILLED,NO_CONTINGENCY,,,,MY_GENERIC_ALGO,,O-20260406-023800-001-000-18,,27c4d3df-79e6-4eb1-a91a-f5ad44bca024,2026-04-06 02:38:00+00:00,2026-04-06 02:38:00+00:00
BACKTESTER-001,EMACrossStrategy-000,GCM6.GLBX,GLBX-1-019,GCM6.GLBX-EMACrossStrategy-000,GLBX-001,GLBX-1-019,MARKET,SELL,1,GTC,False,False,1,TAKER,4674.8,0.0,['0.00 USD'],NO_TRIGGER,FILLED,NO_CONTINGENCY,,,,MY_GENERIC_ALGO,,O-20260406-023800-001-000-19,,670cb59f-3e8c-4f54-a6c6-c1abdbfa7d9e,2026-04-06 02:38:00+00:00,2026-04-06 02:38:00+00:00
BACKTESTER-001,EMACrossStrategy-000,GCM6.GLBX,GLBX-1-020,GCM6.GLBX-EMACrossStrategy-000,GLBX-001,GLBX-1-020,MARKET,BUY,1,GTC,True,False,1,TAKER,4681.3,0.0,['0.00 USD'],NO_TRIGGER,FILLED,NO_CONTINGENCY,,,,MY_GENERIC_ALGO,,O-20260406-025300-001-000-20,,c26ca2ae-df57-4e22-85b2-83e1de015f27,2026-04-06 02:53:00+00:00,2026-04-06 02:53:00+00:00
BACKTESTER-001,EMACrossStrategy-000,GCM6.GLBX,GLBX-1-021,GCM6.GLBX-EMACrossStrategy-000,GLBX-001,GLBX-1-021,MARKET,BUY,1,GTC,False,False,1,TAKER,4681.3,0.0,['0.00 USD'],NO_TRIGGER,FILLED,NO_CONTINGENCY,,,,MY_GENERIC_ALGO,,O-20260406-025300-001-000-21,,a42f8552-10ab-4a62-a0e4-c451b8c5e59a,2026-04-06 02:53:00+00:00,2026-04-06 02:53:00+00:00
BACKTESTER-001,EMACrossStrategy-000,GCM6.GLBX,GLBX-1-022,GCM6.GLBX-EMACrossStrategy-000,GLBX-001,GLBX-1-022,MARKET,SELL,1,GTC,True,False,1,TAKER,4677.6,0.0,['0.00 USD'],NO_TRIGGER,FILLED,NO_CONTINGENCY,,,,MY_GENERIC_ALGO,,O-20260406-025400-001-000-22,,22849a79-f32b-4adf-accd-f027862fd05f,2026-04-06 02:54:00+00:00,2026-04-06 02:54:00+00:00
BACKTESTER-001,EMACrossStrategy-000,GCM6.GLBX,GLBX-1-023,GCM6.GLBX-EMACrossStrategy-000,GLBX-001,GLBX-1-023,MARKET,SELL,1,GTC,False,False,1,TAKER,4677.6,0.0,['0.00 USD'],NO_TRIGGER,FILLED,NO_CONTINGENCY,,,,MY_GENERIC_ALGO,,O-20260406-025400-001-000-23,,ca711ecb-ec6a-4c4a-ae1a-9444330c8a8c,2026-04-06 02:54:00+00:00,2026-04-06 02:54:00+00:00
BACKTESTER-001,EMACrossStrategy-000,GCM6.GLBX,GLBX-1-024,GCM6.GLBX-EMACrossStrategy-000,GLBX-001,GLBX-1-024,MARKET,BUY,1,GTC,True,False,1,TAKER,4659.0,0.0,['0.00 USD'],NO_TRIGGER,FILLED,NO_CONTINGENCY,,,,MY_GENERIC_ALGO,,O-20260406-034800-001-000-24,,9061f01b-a193-4a30-97de-35b5bf61efac,2026-04-06 03:48:00+00:00,2026-04-06 03:48:00+00:00
BACKTESTER-001,EMACrossStrategy-000,GCM6.GLBX,GLBX-1-025,GCM6.GLBX-EMACrossStrategy-000,GLBX-001,GLBX-1-025,MARKET,BUY,1,GTC,False,False,1,TAKER,4659.0,0.0,['0.00 USD'],NO_TRIGGER,FILLED,NO_CONTINGENCY,,,,MY_GENERIC_ALGO,,O-20260406-034800-001-000-25,,12ea7882-58d8-45b5-b5a9-81b32df30eb4,2026-04-06 03:48:00+00:00,2026-04-06 03:48:00+00:00
BACKTESTER-001,EMACrossStrategy-000,GCM6.GLBX,GLBX-1-026,GCM6.GLBX-EMACrossStrategy-000,GLBX-001,GLBX-1-026,MARKET,SELL,1,GTC,True,False,1,TAKER,4667.7,0.0,['0.00 USD'],NO_TRIGGER,FILLED,NO_CONTINGENCY,,,,MY_GENERIC_ALGO,,O-20260406-042600-001-000-26,,9262e90b-9916-4aeb-809c-06b930b2c764,2026-04-06 04:26:00+00:00,2026-04-06 04:26:00+00:00
BACKTESTER-001,EMACrossStrategy-000,GCM6.GLBX,GLBX-1-027,GCM6.GLBX-EMACrossStrategy-000,GLBX-001,GLBX-1-027,MARKET,SELL,1,GTC,False,False,1,TAKER,4667.7,0.0,['0.00 USD'],NO_TRIGGER,FILLED,NO_CONTINGENCY,,,,MY_GENERIC_ALGO,,O-20260406-042600-001-000-27,,587a48ca-8a8f-429e-b720-ccaab533b146,2026-04-06 04:26:00+00:00,2026-04-06 04:26:00+00:00
BACKTESTER-001,EMACrossStrategy-000,GCM6.GLBX,GLBX-1-028,GCM6.GLBX-EMACrossStrategy-000,GLBX-001,GLBX-1-028,MARKET,BUY,1,GTC,True,False,1,TAKER,4669.8,0.0,['0.00 USD'],NO_TRIGGER,FILLED,NO_CONTINGENCY,,,,MY_GENERIC_ALGO,,O-20260406-042700-001-000-28,,1809cf8c-e020-4e87-bdf9-978f0030f6d2,2026-04-06 04:27:00+00:00,2026-04-06 04:27:00+00:00
BACKTESTER-001,EMACrossStrategy-000,GCM6.GLBX,GLBX-1-029,GCM6.GLBX-EMACrossStrategy-000,GLBX-001,GLBX-1-029,MARKET,BUY,1,GTC,False,False,1,TAKER,4669.8,0.0,['0.00 USD'],NO_TRIGGER,FILLED,NO_CONTINGENCY,,,,MY_GENERIC_ALGO,,O-20260406-042700-001-000-29,,373047b0-de22-4e2a-a0ac-a0039f5878c6,2026-04-06 04:27:00+00:00,2026-04-06 04:27:00+00:00
BACKTESTER-001,EMACrossStrategy-000,GCM6.GLBX,GLBX-1-030,GCM6.GLBX-EMACrossStrategy-000,GLBX-001,GLBX-1-030,MARKET,SELL,1,GTC,True,False,1,TAKER,4690.5,0.0,['0.00 USD'],NO_TRIGGER,FILLED,NO_CONTINGENCY,,,,MY_GENERIC_ALGO,,O-20260406-053100-001-000-30,,763756ce-1d2a-4311-b302-b8151cc9194c,2026-04-06 05:31:00+00:00,2026-04-06 05:31:00+00:00
BACKTESTER-001,EMACrossStrategy-000,GCM6.GLBX,GLBX-1-031,GCM6.GLBX-EMACrossStrategy-000,GLBX-001,GLBX-1-031,MARKET,SELL,1,GTC,False,False,1,TAKER,4690.5,0.0,['0.00 USD'],NO_TRIGGER,FILLED,NO_CONTINGENCY,,,,MY_GENERIC_ALGO,,O-20260406-053100-001-000-31,,9237576e-6048-4fb3-adff-3b682f71efc3,2026-04-06 05:31:00+00:00,2026-04-06 05:31:00+00:00
BACKTESTER-001,EMACrossStrategy-000,GCM6.GLBX,GLBX-1-032,GCM6.GLBX-EMACrossStrategy-000,GLBX-001,GLBX-1-032,MARKET,BUY,1,GTC,True,False,1,TAKER,4685.5,0.0,['0.00 USD'],NO_TRIGGER,FILLED,NO_CONTINGENCY,,,,MY_GENERIC_ALGO,,O-20260406-061400-001-000-32,,244e5552-292f-4fc5-988c-1b00a2141f0e,2026-04-06 06:14:00+00:00,2026-04-06 06:14:00+00:00
BACKTESTER-001,EMACrossStrategy-000,GCM6.GLBX,GLBX-1-033,GCM6.GLBX-EMACrossStrategy-000,GLBX-001,GLBX-1-033,MARKET,BUY,1,GTC,False,False,1,TAKER,4685.5,0.0,['0.00 USD'],NO_TRIGGER,FILLED,NO_CONTINGENCY,,,,MY_GENERIC_ALGO,,O-20260406-061400-001-000-33,,31507d33-6ff2-4843-9962-99608ca67d5e,2026-04-06 06:14:00+00:00,2026-04-06 06:14:00+00:00
BACKTESTER-001,EMACrossStrategy-000,GCM6.GLBX,GLBX-1-034,GCM6.GLBX-EMACrossStrategy-000,GLBX-001,GLBX-1-034,MARKET,SELL,1,GTC,True,False,1,TAKER,4679.9,0.0,['0.00 USD'],NO_TRIGGER,FILLED,NO_CONTINGENCY,,,,MY_GENERIC_ALGO,,O-20260406-062400-001-000-34,,928f69db-70c0-4a0d-a73b-dbcfd68b0db8,2026-04-06 06:24:00+00:00,2026-04-06 06:24:00+00:00
BACKTESTER-001,EMACrossStrategy-000,GCM6.GLBX,GLBX-1-035,GCM6.GLBX-EMACrossStrategy-000,GLBX-001,GLBX-1-035,MARKET,SELL,1,GTC,False,False,1,TAKER,4679.9,0.0,['0.00 USD'],NO_TRIGGER,FILLED,NO_CONTINGENCY,,,,MY_GENERIC_ALGO,,O-20260406-062400-001-000-35,,df68d294-370b-40ef-951d-50098fea72f8,2026-04-06 06:24:00+00:00,2026-04-06 06:24:00+00:00
BACKTESTER-001,EMACrossStrategy-000,GCM6.GLBX,GLBX-1-036,GCM6.GLBX-EMACrossStrategy-000,GLBX-001,GLBX-1-036,MARKET,BUY,1,GTC,True,False,1,TAKER,4684.5,0.0,['0.00 USD'],NO_TRIGGER,FILLED,NO_CONTINGENCY,,,,MY_GENERIC_ALGO,,O-20260406-063400-001-000-36,,b16fdb2e-4333-43af-b8fe-ed87714f8874,2026-04-06 06:34:00+00:00,2026-04-06 06:34:00+00:00
BACKTESTER-001,EMACrossStrategy-000,GCM6.GLBX,GLBX-1-037,GCM6.GLBX-EMACrossStrategy-000,GLBX-001,GLBX-1-037,MARKET,BUY,1,GTC,False,False,1,TAKER,4684.5,0.0,['0.00 USD'],NO_TRIGGER,FILLED,NO_CONTINGENCY,,,,MY_GENERIC_ALGO,,O-20260406-063400-001-000-37,,8ff6214c-7f01-44fd-929b-fb22fa5cf09f,2026-04-06 06:34:00+00:00,2026-04-06 06:34:00+00:00
BACKTESTER-001,EMACrossStrategy-000,GCM6.GLBX,GLBX-1-038,GCM6.GLBX-EMACrossStrategy-000,GLBX-001,GLBX-1-038,MARKET,SELL,1,GTC,True,False,1,TAKER,4678.5,0.0,['0.00 USD'],NO_TRIGGER,FILLED,NO_CONTINGENCY,,,,MY_GENERIC_ALGO,,O-20260406-063800-001-000-38,,6e72a72d-9598-4298-967a-513d4ad1f4df,2026-04-06 06:38:00+00:00,2026-04-06 06:38:00+00:00
BACKTESTER-001,EMACrossStrategy-000,GCM6.GLBX,GLBX-1-039,GCM6.GLBX-EMACrossStrategy-000,GLBX-001,GLBX-1-039,MARKET,SELL,1,GTC,False,False,1,TAKER,4678.5,0.0,['0.00 USD'],NO_TRIGGER,FILLED,NO_CONTINGENCY,,,,MY_GENERIC_ALGO,,O-20260406-063800-001-000-39,,30fbf9d4-2c51-4404-a718-0a16393e3338,2026-04-06 06:38:00+00:00,2026-04-06 06:38:00+00:00
BACKTESTER-001,EMACrossStrategy-000,GCM6.GLBX,GLBX-1-040,GCM6.GLBX-EMACrossStrategy-000,GLBX-001,GLBX-1-040,MARKET,BUY,1,GTC,True,False,1,TAKER,4689.9,0.0,['0.00 USD'],NO_TRIGGER,FILLED,NO_CONTINGENCY,,,,MY_GENERIC_ALGO,,O-20260406-065100-001-000-40,,c9cb9a91-c1ae-4fd5-bbe8-2c02dd3b7dc2,2026-04-06 06:51:00+00:00,2026-04-06 06:51:00+00:00
BACKTESTER-001,EMACrossStrategy-000,GCM6.GLBX,GLBX-1-041,GCM6.GLBX-EMACrossStrategy-000,GLBX-001,GLBX-1-041,MARKET,BUY,1,GTC,False,False,1,TAKER,4689.9,0.0,['0.00 USD'],NO_TRIGGER,FILLED,NO_CONTINGENCY,,,,MY_GENERIC_ALGO,,O-20260406-065100-001-000-41,,9ac572ec-e09b-42bc-945f-56527b428b26,2026-04-06 06:51:00+00:00,2026-04-06 06:51:00+00:00
BACKTESTER-001,EMACrossStrategy-000,GCM6.GLBX,GLBX-1-042,GCM6.GLBX-EMACrossStrategy-000,GLBX-001,GLBX-1-042,MARKET,SELL,1,GTC,True,False,1,TAKER,4683.5,0.0,['0.00 USD'],NO_TRIGGER,FILLED,NO_CONTINGENCY,,,,MY_GENERIC_ALGO,,O-20260406-070800-001-000-42,,a4ad8c78-53fb-4109-a38e-dbd91f5e4882,2026-04-06 07:08:00+00:00,2026-04-06 07:08:00+00:00
BACKTESTER-001,EMACrossStrategy-000,GCM6.GLBX,GLBX-1-043,GCM6.GLBX-EMACrossStrategy-000,GLBX-001,GLBX-1-043,MARKET,SELL,1,GTC,False,False,1,TAKER,4683.5,0.0,['0.00 USD'],NO_TRIGGER,FILLED,NO_CONTINGENCY,,,,MY_GENERIC_ALGO,,O-20260406-070800-001-000-43,,8b44ec31-a722-40c5-8b54-8b939454c79c,2026-04-06 07:08:00+00:00,2026-04-06 07:08:00+00:00
BACKTESTER-001,EMACrossStrategy-000,GCM6.GLBX,GLBX-1-044,GCM6.GLBX-EMACrossStrategy-000,GLBX-001,GLBX-1-044,MARKET,BUY,1,GTC,True,False,1,TAKER,4680.9,0.0,['0.00 USD'],NO_TRIGGER,FILLED,NO_CONTINGENCY,,,,MY_GENERIC_ALGO,,O-20260406-073600-001-000-44,,2379d706-eae7-4a58-94b5-3c40e4b3e82a,2026-04-06 07:36:00+00:00,2026-04-06 07:36:00+00:00
BACKTESTER-001,EMACrossStrategy-000,GCM6.GLBX,GLBX-1-045,GCM6.GLBX-EMACrossStrategy-000,GLBX-001,GLBX-1-045,MARKET,BUY,1,GTC,False,False,1,TAKER,4680.9,0.0,['0.00 USD'],NO_TRIGGER,FILLED,NO_CONTINGENCY,,,,MY_GENERIC_ALGO,,O-20260406-073600-001-000-45,,45f8db49-46f4-465a-a936-739738981bf4,2026-04-06 07:36:00+00:00,2026-04-06 07:36:00+00:00
BACKTESTER-001,EMACrossStrategy-000,GCM6.GLBX,GLBX-1-046,GCM6.GLBX-EMACrossStrategy-000,GLBX-001,GLBX-1-046,MARKET,SELL,1,GTC,True,False,1,TAKER,4726.7,0.0,['0.00 USD'],NO_TRIGGER,FILLED,NO_CONTINGENCY,,,,MY_GENERIC_ALGO,,O-20260406-095000-001-000-46,,9509f982-b19b-4fea-bfc7-95164443682d,2026-04-06 09:50:00+00:00,2026-04-06 09:50:00+00:00
BACKTESTER-001,EMACrossStrategy-000,GCM6.GLBX,GLBX-1-047,GCM6.GLBX-EMACrossStrategy-000,GLBX-001,GLBX-1-047,MARKET,SELL,1,GTC,False,False,1,TAKER,4726.7,0.0,['0.00 USD'],NO_TRIGGER,FILLED,NO_CONTINGENCY,,,,MY_GENERIC_ALGO,,O-20260406-095000-001-000-47,,4359a3dc-965d-4bf5-b220-f26278f4495a,2026-04-06 09:50:00+00:00,2026-04-06 09:50:00+00:00
BACKTESTER-001,EMACrossStrategy-000,GCM6.GLBX,GLBX-1-048,GCM6.GLBX-EMACrossStrategy-000,GLBX-001,GLBX-1-048,MARKET,BUY,1,GTC,True,False,1,TAKER,4720.9,0.0,['0.00 USD'],NO_TRIGGER,FILLED,NO_CONTINGENCY,,,,MY_GENERIC_ALGO,,O-20260406-104100-001-000-48,,55351c93-98af-4edb-8650-d86073e5b5c2,2026-04-06 10:41:00+00:00,2026-04-06 10:41:00+00:00
BACKTESTER-001,EMACrossStrategy-000,GCM6.GLBX,GLBX-1-049,GCM6.GLBX-EMACrossStrategy-000,GLBX-001,GLBX-1-049,MARKET,BUY,1,GTC,False,False,1,TAKER,4720.9,0.0,['0.00 USD'],NO_TRIGGER,FILLED,NO_CONTINGENCY,,,,MY_GENERIC_ALGO,,O-20260406-104100-001-000-49,,d57f48fa-c418-41f9-b996-3b3e91923ef4,2026-04-06 10:41:00+00:00,2026-04-06 10:41:00+00:00
BACKTESTER-001,EMACrossStrategy-000,GCM6.GLBX,GLBX-1-050,GCM6.GLBX-EMACrossStrategy-000,GLBX-001,GLBX-1-050,MARKET,SELL,1,GTC,True,False,1,TAKER,4716.4,0.0,['0.00 USD'],NO_TRIGGER,FILLED,NO_CONTINGENCY,,,,MY_GENERIC_ALGO,,O-20260406-105700-001-000-50,,aa6ddc2e-26b0-49d9-9bf3-48041c11e183,2026-04-06 10:57:00+00:00,2026-04-06 10:57:00+00:00
BACKTESTER-001,EMACrossStrategy-000,GCM6.GLBX,GLBX-1-051,GCM6.GLBX-EMACrossStrategy-000,GLBX-001,GLBX-1-051,MARKET,SELL,1,GTC,False,False,1,TAKER,4716.4,0.0,['0.00 USD'],NO_TRIGGER,FILLED,NO_CONTINGENCY,,,,MY_GENERIC_ALGO,,O-20260406-105700-001-000-51,,50d257de-e9fd-42be-912d-133fbddfe372,2026-04-06 10:57:00+00:00,2026-04-06 10:57:00+00:00
BACKTESTER-001,EMACrossStrategy-000,GCM6.GLBX,GLBX-1-052,GCM6.GLBX-EMACrossStrategy-000,GLBX-001,GLBX-1-052,MARKET,BUY,1,GTC,True,False,1,TAKER,4721.5,0.0,['0.00 USD'],NO_TRIGGER,FILLED,NO_CONTINGENCY,,,,MY_GENERIC_ALGO,,O-20260406-110300-001-000-52,,10932f78-2251-46f1-9d15-a11642c84a6a,2026-04-06 11:03:00+00:00,2026-04-06 11:03:00+00:00
BACKTESTER-001,EMACrossStrategy-000,GCM6.GLBX,GLBX-1-053,GCM6.GLBX-EMACrossStrategy-000,GLBX-001,GLBX-1-053,MARKET,BUY,1,GTC,False,False,1,TAKER,4721.5,0.0,['0.00 USD'],NO_TRIGGER,FILLED,NO_CONTINGENCY,,,,MY_GENERIC_ALGO,,O-20260406-110300-001-000-53,,757026e7-0164-41a1-b293-1a41797bc36c,2026-04-06 11:03:00+00:00,2026-04-06 11:03:00+00:00
BACKTESTER-001,EMACrossStrategy-000,GCM6.GLBX,GLBX-1-054,GCM6.GLBX-EMACrossStrategy-000,GLBX-001,GLBX-1-054,MARKET,SELL,1,GTC,True,False,1,TAKER,4715.9,0.0,['0.00 USD'],NO_TRIGGER,FILLED,NO_CONTINGENCY,,,,MY_GENERIC_ALGO,,O-20260406-111300-001-000-54,,6007aa95-d634-4de0-a980-b9655faf0501,2026-04-06 11:13:00+00:00,2026-04-06 11:13:00+00:00
BACKTESTER-001,EMACrossStrategy-000,GCM6.GLBX,GLBX-1-055,GCM6.GLBX-EMACrossStrategy-000,GLBX-001,GLBX-1-055,MARKET,SELL,1,GTC,False,False,1,TAKER,4715.9,0.0,['0.00 USD'],NO_TRIGGER,FILLED,NO_CONTINGENCY,,,,MY_GENERIC_ALGO,,O-20260406-111300-001-000-55,,ea857ea9-65db-479f-a662-af4d0cf07a90,2026-04-06 11:13:00+00:00,2026-04-06 11:13:00+00:00
BACKTESTER-001,EMACrossStrategy-000,GCM6.GLBX,GLBX-1-056,GCM6.GLBX-EMACrossStrategy-000,GLBX-001,GLBX-1-056,MARKET,BUY,1,GTC,True,False,1,TAKER,4719.7,0.0,['0.00 USD'],NO_TRIGGER,FILLED,NO_CONTINGENCY,,,,MY_GENERIC_ALGO,,O-20260406-114100-001-000-56,,3a8cf0e2-08f8-46e3-8bfd-4ccc84b0d52f,2026-04-06 11:41:00+00:00,2026-04-06 11:41:00+00:00
BACKTESTER-001,EMACrossStrategy-000,GCM6.GLBX,GLBX-1-057,GCM6.GLBX-EMACrossStrategy-000,GLBX-001,GLBX-1-057,MARKET,BUY,1,GTC,False,False,1,TAKER,4719.7,0.0,['0.00 USD'],NO_TRIGGER,FILLED,NO_CONTINGENCY,,,,MY_GENERIC_ALGO,,O-20260406-114100-001-000-57,,4dc1df15-fc2c-4bb2-aba0-a3832f4cb018,2026-04-06 11:41:00+00:00,2026-04-06 11:41:00+00:00
BACKTESTER-001,EMACrossStrategy-000,GCM6.GLBX,GLBX-1-058,GCM6.GLBX-EMACrossStrategy-000,GLBX-001,GLBX-1-058,MARKET,SELL,1,GTC,True,False,1,TAKER,4711.5,0.0,['0.00 USD'],NO_TRIGGER,FILLED,NO_CONTINGENCY,,,,MY_GENERIC_ALGO,,O-20260406-114500-001-000-58,,45800e57-aa26-4c75-902a-866c3ff7c175,2026-04-06 11:45:00+00:00,2026-04-06 11:45:00+00:00
BACKTESTER-001,EMACrossStrategy-000,GCM6.GLBX,GLBX-1-059,GCM6.GLBX-EMACrossStrategy-000,GLBX-001,GLBX-1-059,MARKET,SELL,1,GTC,False,False,1,TAKER,4711.5,0.0,['0.00 USD'],NO_TRIGGER,FILLED,NO_CONTINGENCY,,,,MY_GENERIC_ALGO,,O-20260406-114500-001-000-59,,73ffe217-c913-4036-8fe4-7c9abc1e449c,2026-04-06 11:45:00+00:00,2026-04-06 11:45:00+00:00
BACKTESTER-001,EMACrossStrategy-000,GCM6.GLBX,GLBX-1-060,GCM6.GLBX-EMACrossStrategy-000,GLBX-001,GLBX-1-060,MARKET,BUY,1,GTC,True,False,1,TAKER,4698.8,0.0,['0.00 USD'],NO_TRIGGER,FILLED,NO_CONTINGENCY,,,,MY_GENERIC_ALGO,,O-20260406-123600-001-000-60,,942fde86-a822-464a-b0b3-a674b0ce267f,2026-04-06 12:36:00+00:00,2026-04-06 12:36:00+00:00
BACKTESTER-001,EMACrossStrategy-000,GCM6.GLBX,GLBX-1-061,GCM6.GLBX-EMACrossStrategy-000,GLBX-001,GLBX-1-061,MARKET,BUY,1,GTC,False,False,1,TAKER,4698.8,0.0,['0.00 USD'],NO_TRIGGER,FILLED,NO_CONTINGENCY,,,,MY_GENERIC_ALGO,,O-20260406-123600-001-000-61,,47e6253d-7b72-4022-ba8c-6a880fb93d7b,2026-04-06 12:36:00+00:00,2026-04-06 12:36:00+00:00
BACKTESTER-001,EMACrossStrategy-000,GCM6.GLBX,GLBX-1-062,GCM6.GLBX-EMACrossStrategy-000,GLBX-001,GLBX-1-062,MARKET,SELL,1,GTC,True,False,1,TAKER,4699.0,0.0,['0.00 USD'],NO_TRIGGER,FILLED,NO_CONTINGENCY,,,,MY_GENERIC_ALGO,,O-20260406-130400-001-000-62,,f2bae5c7-c783-4ea6-b0b8-aafc7498fa86,2026-04-06 13:04:00+00:00,2026-04-06 13:04:00+00:00
BACKTESTER-001,EMACrossStrategy-000,GCM6.GLBX,GLBX-1-063,GCM6.GLBX-EMACrossStrategy-000,GLBX-001,GLBX-1-063,MARKET,SELL,1,GTC,False,False,1,TAKER,4699.0,0.0,['0.00 USD'],NO_TRIGGER,FILLED,NO_CONTINGENCY,,,,MY_GENERIC_ALGO,,O-20260406-130400-001-000-63,,357cf644-3aa8-4d8c-8716-20466a9c5d01,2026-04-06 13:04:00+00:00,2026-04-06 13:04:00+00:00
BACKTESTER-001,EMACrossStrategy-000,GCM6.GLBX,GLBX-1-064,GCM6.GLBX-EMACrossStrategy-000,GLBX-001,GLBX-1-064,MARKET,BUY,1,GTC,True,False,1,TAKER,4696.3,0.0,['0.00 USD'],NO_TRIGGER,FILLED,NO_CONTINGENCY,,,,MY_GENERIC_ALGO,,O-20260406-132900-001-000-64,,f41d926f-04cf-43a1-8467-fe18bc3b4de8,2026-04-06 13:29:00+00:00,2026-04-06 13:29:00+00:00
BACKTESTER-001,EMACrossStrategy-000,GCM6.GLBX,GLBX-1-065,GCM6.GLBX-EMACrossStrategy-000,GLBX-001,GLBX-1-065,MARKET,BUY,1,GTC,False,False,1,TAKER,4696.3,0.0,['0.00 USD'],NO_TRIGGER,FILLED,NO_CONTINGENCY,,,,MY_GENERIC_ALGO,,O-20260406-132900-001-000-65,,e71054f1-0f5f-4c33-9e8a-b7181352aabc,2026-04-06 13:29:00+00:00,2026-04-06 13:29:00+00:00
BACKTESTER-001,EMACrossStrategy-000,GCM6.GLBX,GLBX-1-066,GCM6.GLBX-EMACrossStrategy-000,GLBX-001,GLBX-1-066,MARKET,SELL,1,GTC,True,False,1,TAKER,4689.1,0.0,['0.00 USD'],NO_TRIGGER,FILLED,NO_CONTINGENCY,,,,MY_GENERIC_ALGO,,O-20260406-133300-001-000-66,,ed581453-6aba-4043-9eb4-1e6fec7f2059,2026-04-06 13:33:00+00:00,2026-04-06 13:33:00+00:00
BACKTESTER-001,EMACrossStrategy-000,GCM6.GLBX,GLBX-1-067,GCM6.GLBX-EMACrossStrategy-000,GLBX-001,GLBX-1-067,MARKET,SELL,1,GTC,False,False,1,TAKER,4689.1,0.0,['0.00 USD'],NO_TRIGGER,FILLED,NO_CONTINGENCY,,,,MY_GENERIC_ALGO,,O-20260406-133300-001-000-67,,7a7e6a94-ded5-41fd-8412-79394d7b8c03,2026-04-06 13:33:00+00:00,2026-04-06 13:33:00+00:00
BACKTESTER-001,EMACrossStrategy-000,GCM6.GLBX,GLBX-1-068,GCM6.GLBX-EMACrossStrategy-000,GLBX-001,GLBX-1-068,MARKET,BUY,1,GTC,True,False,1,TAKER,4697.2,0.0,['0.00 USD'],NO_TRIGGER,FILLED,NO_CONTINGENCY,,,,MY_GENERIC_ALGO,,O-20260406-133400-001-000-68,,f2678714-d27d-4253-b861-b5f67b308898,2026-04-06 13:34:00+00:00,2026-04-06 13:34:00+00:00
BACKTESTER-001,EMACrossStrategy-000,GCM6.GLBX,GLBX-1-069,GCM6.GLBX-EMACrossStrategy-000,GLBX-001,GLBX-1-069,MARKET,BUY,1,GTC,False,False,1,TAKER,4697.2,0.0,['0.00 USD'],NO_TRIGGER,FILLED,NO_CONTINGENCY,,,,MY_GENERIC_ALGO,,O-20260406-133400-001-000-69,,a3c40750-94a6-4286-87e2-9e3972568355,2026-04-06 13:34:00+00:00,2026-04-06 13:34:00+00:00
BACKTESTER-001,EMACrossStrategy-000,GCM6.GLBX,GLBX-1-070,GCM6.GLBX-EMACrossStrategy-000,GLBX-001,GLBX-1-070,MARKET,SELL,1,GTC,True,False,1,TAKER,4691.0,0.0,['0.00 USD'],NO_TRIGGER,FILLED,NO_CONTINGENCY,,,,MY_GENERIC_ALGO,,O-20260406-133700-001-000-70,,5a7611b9-ec73-4a03-93b4-41c19aafcf37,2026-04-06 13:37:00+00:00,2026-04-06 13:37:00+00:00
BACKTESTER-001,EMACrossStrategy-000,GCM6.GLBX,GLBX-1-071,GCM6.GLBX-EMACrossStrategy-000,GLBX-001,GLBX-1-071,MARKET,SELL,1,GTC,False,False,1,TAKER,4691.0,0.0,['0.00 USD'],NO_TRIGGER,FILLED,NO_CONTINGENCY,,,,MY_GENERIC_ALGO,,O-20260406-133700-001-000-71,,3de06027-b1ec-4993-8cc2-4b33729adf9e,2026-04-06 13:37:00+00:00,2026-04-06 13:37:00+00:00
BACKTESTER-001,EMACrossStrategy-000,GCM6.GLBX,GLBX-1-072,GCM6.GLBX-EMACrossStrategy-000,GLBX-001,GLBX-1-072,MARKET,BUY,1,GTC,True,False,1,TAKER,4699.8,0.0,['0.00 USD'],NO_TRIGGER,FILLED,NO_CONTINGENCY,,,,MY_GENERIC_ALGO,,O-20260406-134000-001-000-72,,5a08a469-57d7-4811-9894-1eb31408003e,2026-04-06 13:40:00+00:00,2026-04-06 13:40:00+00:00
BACKTESTER-001,EMACrossStrategy-000,GCM6.GLBX,GLBX-1-073,GCM6.GLBX-EMACrossStrategy-000,GLBX-001,GLBX-1-073,MARKET,BUY,1,GTC,False,False,1,TAKER,4699.8,0.0,['0.00 USD'],NO_TRIGGER,FILLED,NO_CONTINGENCY,,,,MY_GENERIC_ALGO,,O-20260406-134000-001-000-73,,b8388edf-0788-47a3-aa6b-644629941dd1,2026-04-06 13:40:00+00:00,2026-04-06 13:40:00+00:00
BACKTESTER-001,EMACrossStrategy-000,GCM6.GLBX,GLBX-1-074,GCM6.GLBX-EMACrossStrategy-000,GLBX-001,GLBX-1-074,MARKET,SELL,1,GTC,True,False,1,TAKER,4689.5,0.0,['0.00 USD'],NO_TRIGGER,FILLED,NO_CONTINGENCY,,,,MY_GENERIC_ALGO,,O-20260406-135000-001-000-74,,4c681e5c-f373-4e45-b3d5-4b2e0bd6992a,2026-04-06 13:50:00+00:00,2026-04-06 13:50:00+00:00
BACKTESTER-001,EMACrossStrategy-000,GCM6.GLBX,GLBX-1-075,GCM6.GLBX-EMACrossStrategy-000,GLBX-001,GLBX-1-075,MARKET,SELL,1,GTC,False,False,1,TAKER,4689.5,0.0,['0.00 USD'],NO_TRIGGER,FILLED,NO_CONTINGENCY,,,,MY_GENERIC_ALGO,,O-20260406-135000-001-000-75,,ff42d257-5764-48b8-b5a3-3f0901bc01d6,2026-04-06 13:50:00+00:00,2026-04-06 13:50:00+00:00
BACKTESTER-001,EMACrossStrategy-000,GCM6.GLBX,GLBX-1-076,GCM6.GLBX-EMACrossStrategy-000,GLBX-001,GLBX-1-076,MARKET,BUY,1,GTC,True,False,1,TAKER,4700.9,0.0,['0.00 USD'],NO_TRIGGER,FILLED,NO_CONTINGENCY,,,,MY_GENERIC_ALGO,,O-20260406-135300-001-000-76,,55b7490b-11c8-4245-b3c1-90e27ae3b535,2026-04-06 13:53:00+00:00,2026-04-06 13:53:00+00:00
BACKTESTER-001,EMACrossStrategy-000,GCM6.GLBX,GLBX-1-077,GCM6.GLBX-EMACrossStrategy-000,GLBX-001,GLBX-1-077,MARKET,BUY,1,GTC,False,False,1,TAKER,4700.9,0.0,['0.00 USD'],NO_TRIGGER,FILLED,NO_CONTINGENCY,,,,MY_GENERIC_ALGO,,O-20260406-135300-001-000-77,,d9f7ad5b-992e-4107-8145-ad2761c3adbc,2026-04-06 13:53:00+00:00,2026-04-06 13:53:00+00:00
BACKTESTER-001,EMACrossStrategy-000,GCM6.GLBX,GLBX-1-078,GCM6.GLBX-EMACrossStrategy-000,GLBX-001,GLBX-1-078,MARKET,SELL,1,GTC,True,False,1,TAKER,4693.6,0.0,['0.00 USD'],NO_TRIGGER,FILLED,NO_CONTINGENCY,,,,MY_GENERIC_ALGO,,O-20260406-140700-001-000-78,,2f23bf63-ca02-4903-a865-aaa68fc18bed,2026-04-06 14:07:00+00:00,2026-04-06 14:07:00+00:00
BACKTESTER-001,EMACrossStrategy-000,GCM6.GLBX,GLBX-1-079,GCM6.GLBX-EMACrossStrategy-000,GLBX-001,GLBX-1-079,MARKET,SELL,1,GTC,False,False,1,TAKER,4693.6,0.0,['0.00 USD'],NO_TRIGGER,FILLED,NO_CONTINGENCY,,,,MY_GENERIC_ALGO,,O-20260406-140700-001-000-79,,62be4fd5-8f70-4df7-be12-a3702e7d8da3,2026-04-06 14:07:00+00:00,2026-04-06 14:07:00+00:00
BACKTESTER-001,EMACrossStrategy-000,GCM6.GLBX,GLBX-1-080,GCM6.GLBX-EMACrossStrategy-000,GLBX-001,GLBX-1-080,MARKET,BUY,1,GTC,True,False,1,TAKER,4703.5,0.0,['0.00 USD'],NO_TRIGGER,FILLED,NO_CONTINGENCY,,,,MY_GENERIC_ALGO,,O-20260406-141900-001-000-80,,3dcdc88f-dc3d-4948-b788-be9cafadfe95,2026-04-06 14:19:00+00:00,2026-04-06 14:19:00+00:00
BACKTESTER-001,EMACrossStrategy-000,GCM6.GLBX,GLBX-1-081,GCM6.GLBX-EMACrossStrategy-000,GLBX-001,GLBX-1-081,MARKET,BUY,1,GTC,False,False,1,TAKER,4703.5,0.0,['0.00 USD'],NO_TRIGGER,FILLED,NO_CONTINGENCY,,,,MY_GENERIC_ALGO,,O-20260406-141900-001-000-81,,151b9668-8777-4364-ba33-60d4c5d6bace,2026-04-06 14:19:00+00:00,2026-04-06 14:19:00+00:00
BACKTESTER-001,EMACrossStrategy-000,GCM6.GLBX,GLBX-1-082,GCM6.GLBX-EMACrossStrategy-000,GLBX-001,GLBX-1-082,MARKET,SELL,1,GTC,True,False,1,TAKER,4707.3,0.0,['0.00 USD'],NO_TRIGGER,FILLED,NO_CONTINGENCY,,,,MY_GENERIC_ALGO,,O-20260406-144700-001-000-82,,6c42a9b3-8076-426a-8066-e43667e039b3,2026-04-06 14:47:00+00:00,2026-04-06 14:47:00+00:00
BACKTESTER-001,EMACrossStrategy-000,GCM6.GLBX,GLBX-1-083,GCM6.GLBX-EMACrossStrategy-000,GLBX-001,GLBX-1-083,MARKET,SELL,1,GTC,False,False,1,TAKER,4707.3,0.0,['0.00 USD'],NO_TRIGGER,FILLED,NO_CONTINGENCY,,,,MY_GENERIC_ALGO,,O-20260406-144700-001-000-83,,6591861f-cca8-417f-bd00-2bbb7a895094,2026-04-06 14:47:00+00:00,2026-04-06 14:47:00+00:00
BACKTESTER-001,EMACrossStrategy-000,GCM6.GLBX,GLBX-1-084,GCM6.GLBX-EMACrossStrategy-000,GLBX-001,GLBX-1-084,MARKET,BUY,1,GTC,True,False,1,TAKER,4711.7,0.0,['0.00 USD'],NO_TRIGGER,FILLED,NO_CONTINGENCY,,,,MY_GENERIC_ALGO,,O-20260406-145800-001-000-84,,d057f7b1-a112-4a73-bb1c-3d5deb184f65,2026-04-06 14:58:00+00:00,2026-04-06 14:58:00+00:00
BACKTESTER-001,EMACrossStrategy-000,GCM6.GLBX,GLBX-1-085,GCM6.GLBX-EMACrossStrategy-000,GLBX-001,GLBX-1-085,MARKET,BUY,1,GTC,False,False,1,TAKER,4711.7,0.0,['0.00 USD'],NO_TRIGGER,FILLED,NO_CONTINGENCY,,,,MY_GENERIC_ALGO,,O-20260406-145800-001-000-85,,185b4a5b-eaf8-4249-8a2a-d7a756266472,2026-04-06 14:58:00+00:00,2026-04-06 14:58:00+00:00
BACKTESTER-001,EMACrossStrategy-000,GCM6.GLBX,GLBX-1-086,GCM6.GLBX-EMACrossStrategy-000,GLBX-001,GLBX-1-086,MARKET,SELL,1,GTC,True,False,1,TAKER,4704.7,0.0,['0.00 USD'],NO_TRIGGER,FILLED,NO_CONTINGENCY,,,,MY_GENERIC_ALGO,,O-20260406-150100-001-000-86,,aa1ba241-6581-43d6-a617-4bd245fad6e3,2026-04-06 15:01:00+00:00,2026-04-06 15:01:00+00:00
BACKTESTER-001,EMACrossStrategy-000,GCM6.GLBX,GLBX-1-087,GCM6.GLBX-EMACrossStrategy-000,GLBX-001,GLBX-1-087,MARKET,SELL,1,GTC,False,False,1,TAKER,4704.7,0.0,['0.00 USD'],NO_TRIGGER,FILLED,NO_CONTINGENCY,,,,MY_GENERIC_ALGO,,O-20260406-150100-001-000-87,,d007e1be-d618-4128-834c-756dc7146e29,2026-04-06 15:01:00+00:00,2026-04-06 15:01:00+00:00
BACKTESTER-001,EMACrossStrategy-000,GCM6.GLBX,GLBX-1-088,GCM6.GLBX-EMACrossStrategy-000,GLBX-001,GLBX-1-088,MARKET,BUY,1,GTC,True,False,1,TAKER,4691.6,0.0,['0.00 USD'],NO_TRIGGER,FILLED,NO_CONTINGENCY,,,,MY_GENERIC_ALGO,,O-20260406-155200-001-000-88,,21a7b5b6-00a1-4c9f-af59-2af598fbe3ba,2026-04-06 15:52:00+00:00,2026-04-06 15:52:00+00:00
BACKTESTER-001,EMACrossStrategy-000,GCM6.GLBX,GLBX-1-089,GCM6.GLBX-EMACrossStrategy-000,GLBX-001,GLBX-1-089,MARKET,BUY,1,GTC,False,False,1,TAKER,4691.6,0.0,['0.00 USD'],NO_TRIGGER,FILLED,NO_CONTINGENCY,,,,MY_GENERIC_ALGO,,O-20260406-155200-001-000-89,,6171c60c-aa02-47ba-b50a-b1bc08373fb8,2026-04-06 15:52:00+00:00,2026-04-06 15:52:00+00:00
BACKTESTER-001,EMACrossStrategy-000,GCM6.GLBX,GLBX-1-090,GCM6.GLBX-EMACrossStrategy-000,GLBX-001,GLBX-1-090,MARKET,SELL,1,GTC,True,False,1,TAKER,4688.2,0.0,['0.00 USD'],NO_TRIGGER,FILLED,NO_CONTINGENCY,,,,MY_GENERIC_ALGO,,O-20260406-161000-001-000-90,,bee75c2d-8ef3-4e5e-8ab1-db4bd531833a,2026-04-06 16:10:00+00:00,2026-04-06 16:10:00+00:00
BACKTESTER-001,EMACrossStrategy-000,GCM6.GLBX,GLBX-1-091,GCM6.GLBX-EMACrossStrategy-000,GLBX-001,GLBX-1-091,MARKET,SELL,1,GTC,False,False,1,TAKER,4688.2,0.0,['0.00 USD'],NO_TRIGGER,FILLED,NO_CONTINGENCY,,,,MY_GENERIC_ALGO,,O-20260406-161000-001-000-91,,e7a4e0da-9a8d-4366-9850-ec5b811a734e,2026-04-06 16:10:00+00:00,2026-04-06 16:10:00+00:00
BACKTESTER-001,EMACrossStrategy-000,GCM6.GLBX,GLBX-1-092,GCM6.GLBX-EMACrossStrategy-000,GLBX-001,GLBX-1-092,MARKET,BUY,1,GTC,True,False,1,TAKER,4693.5,0.0,['0.00 USD'],NO_TRIGGER,FILLED,NO_CONTINGENCY,,,,MY_GENERIC_ALGO,,O-20260406-161200-001-000-92,,78372cf6-2053-48db-929f-a8088300e7ff,2026-04-06 16:12:00+00:00,2026-04-06 16:12:00+00:00
BACKTESTER-001,EMACrossStrategy-000,GCM6.GLBX,GLBX-1-093,GCM6.GLBX-EMACrossStrategy-000,GLBX-001,GLBX-1-093,MARKET,BUY,1,GTC,False,False,1,TAKER,4693.5,0.0,['0.00 USD'],NO_TRIGGER,FILLED,NO_CONTINGENCY,,,,MY_GENERIC_ALGO,,O-20260406-161200-001-000-93,,47c8c3b0-6d8b-4111-a5b0-be45bdb6eff6,2026-04-06 16:12:00+00:00,2026-04-06 16:12:00+00:00
BACKTESTER-001,EMACrossStrategy-000,GCM6.GLBX,GLBX-1-094,GCM6.GLBX-EMACrossStrategy-000,GLBX-001,GLBX-1-094,MARKET,SELL,1,GTC,True,False,1,TAKER,4690.9,0.0,['0.00 USD'],NO_TRIGGER,FILLED,NO_CONTINGENCY,,,,MY_GENERIC_ALGO,,O-20260406-163100-001-000-94,,47619b7e-034b-4ebb-b959-5317885d1e04,2026-04-06 16:31:00+00:00,2026-04-06 16:31:00+00:00
BACKTESTER-001,EMACrossStrategy-000,GCM6.GLBX,GLBX-1-095,GCM6.GLBX-EMACrossStrategy-000,GLBX-001,GLBX-1-095,MARKET,SELL,1,GTC,False,False,1,TAKER,4690.9,0.0,['0.00 USD'],NO_TRIGGER,FILLED,NO_CONTINGENCY,,,,MY_GENERIC_ALGO,,O-20260406-163100-001-000-95,,72e4d434-18a6-4605-89e5-c62866f43143,2026-04-06 16:31:00+00:00,2026-04-06 16:31:00+00:00
BACKTESTER-001,EMACrossStrategy-000,GCM6.GLBX,GLBX-1-096,GCM6.GLBX-EMACrossStrategy-000,GLBX-001,GLBX-1-096,MARKET,BUY,1,GTC,True,False,1,TAKER,4685.8,0.0,['0.00 USD'],NO_TRIGGER,FILLED,NO_CONTINGENCY,,,,MY_GENERIC_ALGO,,O-20260406-172300-001-000-96,,e33c89e7-2fe1-41d3-a0e1-a1c3abbd09fa,2026-04-06 17:23:00+00:00,2026-04-06 17:23:00+00:00
BACKTESTER-001,EMACrossStrategy-000,GCM6.GLBX,GLBX-1-097,GCM6.GLBX-EMACrossStrategy-000,GLBX-001,GLBX-1-097,MARKET,BUY,1,GTC,False,False,1,TAKER,4685.8,0.0,['0.00 USD'],NO_TRIGGER,FILLED,NO_CONTINGENCY,,,,MY_GENERIC_ALGO,,O-20260406-172300-001-000-97,,32eb46a3-dffd-4ee9-a736-c940c943905e,2026-04-06 17:23:00+00:00,2026-04-06 17:23:00+00:00
BACKTESTER-001,EMACrossStrategy-000,GCM6.GLBX,GLBX-1-098,GCM6.GLBX-EMACrossStrategy-000,GLBX-001,GLBX-1-098,MARKET,SELL,1,GTC,True,False,1,TAKER,4683.3,0.0,['0.00 USD'],NO_TRIGGER,FILLED,NO_CONTINGENCY,,,,MY_GENERIC_ALGO,,O-20260406-173200-001-000-98,,b5ef1042-9889-49e5-beb0-421c414fcbc1,2026-04-06 17:32:00+00:00,2026-04-06 17:32:00+00:00
BACKTESTER-001,EMACrossStrategy-000,GCM6.GLBX,GLBX-1-099,GCM6.GLBX-EMACrossStrategy-000,GLBX-001,GLBX-1-099,MARKET,SELL,1,GTC,False,False,1,TAKER,4683.3,0.0,['0.00 USD'],NO_TRIGGER,FILLED,NO_CONTINGENCY,,,,MY_GENERIC_ALGO,,O-20260406-173200-001-000-99,,53059b1e-8183-454e-bac1-1e54236e57ce,2026-04-06 17:32:00+00:00,2026-04-06 17:32:00+00:00
BACKTESTER-001,EMACrossStrategy-000,GCM6.GLBX,GLBX-1-100,GCM6.GLBX-EMACrossStrategy-000,GLBX-001,GLBX-1-100,MARKET,BUY,1,GTC,True,False,1,TAKER,4684.8,0.0,['0.00 USD'],NO_TRIGGER,FILLED,NO_CONTINGENCY,,,,MY_GENERIC_ALGO,,O-20260406-173300-001-000-100,,5c920d7a-42da-477a-9051-decb4fbe2499,2026-04-06 17:33:00+00:00,2026-04-06 17:33:00+00:00
BACKTESTER-001,EMACrossStrategy-000,GCM6.GLBX,GLBX-1-101,GCM6.GLBX-EMACrossStrategy-000,GLBX-001,GLBX-1-101,MARKET,BUY,1,GTC,False,False,1,TAKER,4684.8,0.0,['0.00 USD'],NO_TRIGGER,FILLED,NO_CONTINGENCY,,,,MY_GENERIC_ALGO,,O-20260406-173300-001-000-101,,0b516f8c-daa2-4822-9b3b-37e7447c614a,2026-04-06 17:33:00+00:00,2026-04-06 17:33:00+00:00
BACKTESTER-001,EMACrossStrategy-000,GCM6.GLBX,GLBX-1-102,GCM6.GLBX-EMACrossStrategy-000,GLBX-001,GLBX-1-102,MARKET,SELL,1,GTC,True,False,1,TAKER,4682.7,0.0,['0.00 USD'],NO_TRIGGER,FILLED,NO_CONTINGENCY,,,,MY_GENERIC_ALGO,,O-20260406-174400-001-000-102,,21c20ba7-d69d-49a4-bd33-54b855d88adc,2026-04-06 17:44:00+00:00,2026-04-06 17:44:00+00:00
BACKTESTER-001,EMACrossStrategy-000,GCM6.GLBX,GLBX-1-103,GCM6.GLBX-EMACrossStrategy-000,GLBX-001,GLBX-1-103,MARKET,SELL,1,GTC,False,False,1,TAKER,4682.7,0.0,['0.00 USD'],NO_TRIGGER,FILLED,NO_CONTINGENCY,,,,MY_GENERIC_ALGO,,O-20260406-174400-001-000-103,,0a5616bd-a345-4fe1-aa2c-6042233bf01a,2026-04-06 17:44:00+00:00,2026-04-06 17:44:00+00:00
BACKTESTER-001,EMACrossStrategy-000,GCM6.GLBX,GLBX-1-104,GCM6.GLBX-EMACrossStrategy-000,GLBX-001,GLBX-1-104,MARKET,BUY,1,GTC,True,False,1,TAKER,4685.1,0.0,['0.00 USD'],NO_TRIGGER,FILLED,NO_CONTINGENCY,,,,MY_GENERIC_ALGO,,O-20260406-180900-001-000-104,,ed72ed89-6f46-493f-9f14-01865dc59303,2026-04-06 18:09:00+00:00,2026-04-06 18:09:00+00:00
BACKTESTER-001,EMACrossStrategy-000,GCM6.GLBX,GLBX-1-105,GCM6.GLBX-EMACrossStrategy-000,GLBX-001,GLBX-1-105,MARKET,BUY,1,GTC,False,False,1,TAKER,4685.1,0.0,['0.00 USD'],NO_TRIGGER,FILLED,NO_CONTINGENCY,,,,MY_GENERIC_ALGO,,O-20260406-180900-001-000-105,,c4a31500-0dd1-48e3-ae97-3a60a74699a3,2026-04-06 18:09:00+00:00,2026-04-06 18:09:00+00:00
BACKTESTER-001,EMACrossStrategy-000,GCM6.GLBX,GLBX-1-106,GCM6.GLBX-EMACrossStrategy-000,GLBX-001,GLBX-1-106,MARKET,SELL,1,GTC,True,False,1,TAKER,4684.7,0.0,['0.00 USD'],NO_TRIGGER,FILLED,NO_CONTINGENCY,,,,MY_GENERIC_ALGO,,O-20260406-183600-001-000-106,,d6afbfcf-546f-4304-8d4c-2f26d65ecfaa,2026-04-06 18:36:00+00:00,2026-04-06 18:36:00+00:00
BACKTESTER-001,EMACrossStrategy-000,GCM6.GLBX,GLBX-1-107,GCM6.GLBX-EMACrossStrategy-000,GLBX-001,GLBX-1-107,MARKET,SELL,1,GTC,False,False,1,TAKER,4684.7,0.0,['0.00 USD'],NO_TRIGGER,FILLED,NO_CONTINGENCY,,,,MY_GENERIC_ALGO,,O-20260406-183600-001-000-107,,6a7cfa47-8a03-4b39-958f-e2dae3497c49,2026-04-06 18:36:00+00:00,2026-04-06 18:36:00+00:00
BACKTESTER-001,EMACrossStrategy-000,GCM6.GLBX,GLBX-1-108,GCM6.GLBX-EMACrossStrategy-000,GLBX-001,GLBX-1-108,MARKET,BUY,1,GTC,True,False,1,TAKER,4685.5,0.0,['0.00 USD'],NO_TRIGGER,FILLED,NO_CONTINGENCY,,,,MY_GENERIC_ALGO,,O-20260406-185900-001-000-108,,07b7144f-7708-459c-8807-ce7425ab9426,2026-04-06 18:59:00+00:00,2026-04-06 18:59:00+00:00
BACKTESTER-001,EMACrossStrategy-000,GCM6.GLBX,GLBX-1-109,GCM6.GLBX-EMACrossStrategy-000,GLBX-001,GLBX-1-109,MARKET,BUY,1,GTC,False,False,1,TAKER,4685.5,0.0,['0.00 USD'],NO_TRIGGER,FILLED,NO_CONTINGENCY,,,,MY_GENERIC_ALGO,,O-20260406-185900-001-000-109,,232c1f64-a377-4d4e-98ec-0b56ed18a303,2026-04-06 18:59:00+00:00,2026-04-06 18:59:00+00:00
BACKTESTER-001,EMACrossStrategy-000,GCM6.GLBX,GLBX-1-110,GCM6.GLBX-EMACrossStrategy-000,GLBX-001,GLBX-1-110,MARKET,SELL,1,GTC,True,False,1,TAKER,4677.2,0.0,['0.00 USD'],NO_TRIGGER,FILLED,NO_CONTINGENCY,,,,MY_GENERIC_ALGO,,O-20260406-190900-001-000-110,,610d75e8-40e8-4cd6-968f-632cb2090ff5,2026-04-06 19:09:00+00:00,2026-04-06 19:09:00+00:00
BACKTESTER-001,EMACrossStrategy-000,GCM6.GLBX,GLBX-1-111,GCM6.GLBX-EMACrossStrategy-000,GLBX-001,GLBX-1-111,MARKET,SELL,1,GTC,False,False,1,TAKER,4677.2,0.0,['0.00 USD'],NO_TRIGGER,FILLED,NO_CONTINGENCY,,,,MY_GENERIC_ALGO,,O-20260406-190900-001-000-111,,40bf305a-fa5e-40bf-80d7-2e8159ab1acc,2026-04-06 19:09:00+00:00,2026-04-06 19:09:00+00:00
BACKTESTER-001,EMACrossStrategy-000,GCM6.GLBX,GLBX-1-112,GCM6.GLBX-EMACrossStrategy-000,GLBX-001,GLBX-1-112,MARKET,BUY,1,GTC,True,False,1,TAKER,4678.9,0.0,['0.00 USD'],NO_TRIGGER,FILLED,NO_CONTINGENCY,,,,MY_GENERIC_ALGO,,O-20260406-193300-001-000-112,,d5ac5ec7-c149-4889-86c9-0a2e45b8abc9,2026-04-06 19:33:00+00:00,2026-04-06 19:33:00+00:00
BACKTESTER-001,EMACrossStrategy-000,GCM6.GLBX,GLBX-1-113,GCM6.GLBX-EMACrossStrategy-000,GLBX-001,GLBX-1-113,MARKET,BUY,1,GTC,False,False,1,TAKER,4678.9,0.0,['0.00 USD'],NO_TRIGGER,FILLED,NO_CONTINGENCY,,,,MY_GENERIC_ALGO,,O-20260406-193300-001-000-113,,4d568f04-2b29-4021-a58e-4e239e0693e6,2026-04-06 19:33:00+00:00,2026-04-06 19:33:00+00:00
BACKTESTER-001,EMACrossStrategy-000,GCM6.GLBX,GLBX-1-114,GCM6.GLBX-EMACrossStrategy-000,GLBX-001,GLBX-1-114,MARKET,SELL,1,GTC,True,False,1,TAKER,4675.8,0.0,['0.00 USD'],NO_TRIGGER,FILLED,NO_CONTINGENCY,,,,MY_GENERIC_ALGO,,O-20260406-194300-001-000-114,,f17d4a7c-5cdc-4585-8341-ea519ca36f50,2026-04-06 19:43:00+00:00,2026-04-06 19:43:00+00:00
BACKTESTER-001,EMACrossStrategy-000,GCM6.GLBX,GLBX-1-115,GCM6.GLBX-EMACrossStrategy-000,GLBX-001,GLBX-1-115,MARKET,SELL,1,GTC,False,False,1,TAKER,4675.8,0.0,['0.00 USD'],NO_TRIGGER,FILLED,NO_CONTINGENCY,,,,MY_GENERIC_ALGO,,O-20260406-194300-001-000-115,,f6fe55b5-900e-4916-84e2-39351c38cd88,2026-04-06 19:43:00+00:00,2026-04-06 19:43:00+00:00
BACKTESTER-001,EMACrossStrategy-000,GCM6.GLBX,GLBX-1-116,GCM6.GLBX-EMACrossStrategy-000,GLBX-001,GLBX-1-116,MARKET,BUY,1,GTC,True,False,1,TAKER,4681.2,0.0,['0.00 USD'],NO_TRIGGER,FILLED,NO_CONTINGENCY,,,,MY_GENERIC_ALGO,,O-20260406-194600-001-000-116,,5d52d8e3-92f6-4e69-b6ef-555fb63980c3,2026-04-06 19:46:00+00:00,2026-04-06 19:46:00+00:00
BACKTESTER-001,EMACrossStrategy-000,GCM6.GLBX,GLBX-1-117,GCM6.GLBX-EMACrossStrategy-000,GLBX-001,GLBX-1-117,MARKET,BUY,1,GTC,False,False,1,TAKER,4681.2,0.0,['0.00 USD'],NO_TRIGGER,FILLED,NO_CONTINGENCY,,,,MY_GENERIC_ALGO,,O-20260406-194600-001-000-117,,33234b93-b937-45f4-9275-95279240d1fb,2026-04-06 19:46:00+00:00,2026-04-06 19:46:00+00:00
BACKTESTER-001,EMACrossStrategy-000,GCM6.GLBX,GLBX-1-118,GCM6.GLBX-EMACrossStrategy-000,GLBX-001,GLBX-1-118,MARKET,SELL,1,GTC,True,False,1,TAKER,4679.5,0.0,['0.00 USD'],NO_TRIGGER,FILLED,NO_CONTINGENCY,,,,MY_GENERIC_ALGO,,O-20260406-200900-001-000-118,,b53702a4-82ff-4758-8533-fc4667ba60b2,2026-04-06 20:09:00+00:00,2026-04-06 20:09:00+00:00
BACKTESTER-001,EMACrossStrategy-000,GCM6.GLBX,GLBX-1-119,GCM6.GLBX-EMACrossStrategy-000,GLBX-001,GLBX-1-119,MARKET,SELL,1,GTC,False,False,1,TAKER,4679.5,0.0,['0.00 USD'],NO_TRIGGER,FILLED,NO_CONTINGENCY,,,,MY_GENERIC_ALGO,,O-20260406-200900-001-000-119,,e9c93711-0f69-4790-879e-39c800914f65,2026-04-06 20:09:00+00:00,2026-04-06 20:09:00+00:00
BACKTESTER-001,EMACrossStrategy-000,GCM6.GLBX,GLBX-1-120,GCM6.GLBX-EMACrossStrategy-000,GLBX-001,GLBX-1-120,MARKET,BUY,1,GTC,True,False,1,TAKER,4682.7,0.0,['0.00 USD'],NO_TRIGGER,FILLED,NO_CONTINGENCY,,,,MY_GENERIC_ALGO,,O-20260406-201200-001-000-120,,78235713-9d76-4bcd-b615-3c6f6adb423c,2026-04-06 20:12:00+00:00,2026-04-06 20:12:00+00:00
BACKTESTER-001,EMACrossStrategy-000,GCM6.GLBX,GLBX-1-121,GCM6.GLBX-EMACrossStrategy-000,GLBX-001,GLBX-1-121,MARKET,BUY,1,GTC,False,False,1,TAKER,4682.7,0.0,['0.00 USD'],NO_TRIGGER,FILLED,NO_CONTINGENCY,,,,MY_GENERIC_ALGO,,O-20260406-201200-001-000-121,,e5c7a492-3241-4a3d-be08-93781bfb40c2,2026-04-06 20:12:00+00:00,2026-04-06 20:12:00+00:00
BACKTESTER-001,EMACrossStrategy-000,GCM6.GLBX,GLBX-1-122,GCM6.GLBX-EMACrossStrategy-000,GLBX-001,GLBX-1-122,MARKET,SELL,1,GTC,True,False,1,TAKER,4682.7,0.0,['0.00 USD'],NO_TRIGGER,FILLED,NO_CONTINGENCY,,,,MY_GENERIC_ALGO,,O-20260406-203900-001-000-122,,8bd1574e-9496-481c-808c-ff63414fb769,2026-04-06 20:39:00+00:00,2026-04-06 20:39:00+00:00
BACKTESTER-001,EMACrossStrategy-000,GCM6.GLBX,GLBX-1-123,GCM6.GLBX-EMACrossStrategy-000,GLBX-001,GLBX-1-123,MARKET,SELL,1,GTC,False,False,1,TAKER,4682.7,0.0,['0.00 USD'],NO_TRIGGER,FILLED,NO_CONTINGENCY,,,,MY_GENERIC_ALGO,,O-20260406-203900-001-000-123,,2e8fc1b3-916f-49b2-819c-69b46a99a8a2,2026-04-06 20:39:00+00:00,2026-04-06 20:39:00+00:00
BACKTESTER-001,EMACrossStrategy-000,GCM6.GLBX,GLBX-1-124,GCM6.GLBX-EMACrossStrategy-000,GLBX-001,GLBX-1-124,MARKET,BUY,1,GTC,True,False,1,TAKER,4686.0,0.0,['0.00 USD'],NO_TRIGGER,FILLED,NO_CONTINGENCY,,,,MY_GENERIC_ALGO,,O-20260406-220100-001-000-124,,e4058762-8617-408e-aaa6-a1760026ee18,2026-04-06 22:01:00+00:00,2026-04-06 22:01:00+00:00
BACKTESTER-001,EMACrossStrategy-000,GCM6.GLBX,GLBX-1-125,GCM6.GLBX-EMACrossStrategy-000,GLBX-001,GLBX-1-125,MARKET,BUY,1,GTC,False,False,1,TAKER,4686.0,0.0,['0.00 USD'],NO_TRIGGER,FILLED,NO_CONTINGENCY,,,,MY_GENERIC_ALGO,,O-20260406-220100-001-000-125,,2ea2ffe4-6844-4f47-8758-69f58ccc8f1a,2026-04-06 22:01:00+00:00,2026-04-06 22:01:00+00:00
BACKTESTER-001,EMACrossStrategy-000,GCM6.GLBX,GLBX-1-126,GCM6.GLBX-EMACrossStrategy-000,GLBX-001,GLBX-1-126,MARKET,SELL,1,GTC,True,False,1,TAKER,4687.0,0.0,['0.00 USD'],NO_TRIGGER,FILLED,NO_CONTINGENCY,,,,MY_GENERIC_ALGO,,O-20260406-222900-001-000-126,,3531267c-805c-48b3-8c5a-cda12d6877ef,2026-04-06 22:29:00+00:00,2026-04-06 22:29:00+00:00
BACKTESTER-001,EMACrossStrategy-000,GCM6.GLBX,GLBX-1-127,GCM6.GLBX-EMACrossStrategy-000,GLBX-001,GLBX-1-127,MARKET,SELL,1,GTC,False,False,1,TAKER,4687.0,0.0,['0.00 USD'],NO_TRIGGER,FILLED,NO_CONTINGENCY,,,,MY_GENERIC_ALGO,,O-20260406-222900-001-000-127,,946d9add-6e87-46ce-b20c-4a97d042b051,2026-04-06 22:29:00+00:00,2026-04-06 22:29:00+00:00
BACKTESTER-001,EMACrossStrategy-000,GCM6.GLBX,GLBX-1-128,GCM6.GLBX-EMACrossStrategy-000,GLBX-001,GLBX-1-128,MARKET,BUY,1,GTC,True,False,1,TAKER,4690.0,0.0,['0.00 USD'],NO_TRIGGER,FILLED,NO_CONTINGENCY,,,,MY_GENERIC_ALGO,,O-20260406-223100-001-000-128,,58c36bea-9442-4fbf-8d53-6415ab31037a,2026-04-06 22:31:00+00:00,2026-04-06 22:31:00+00:00
BACKTESTER-001,EMACrossStrategy-000,GCM6.GLBX,GLBX-1-129,GCM6.GLBX-EMACrossStrategy-000,GLBX-001,GLBX-1-129,MARKET,BUY,1,GTC,False,False,1,TAKER,4690.0,0.0,['0.00 USD'],NO_TRIGGER,FILLED,NO_CONTINGENCY,,,,MY_GENERIC_ALGO,,O-20260406-223100-001-000-129,,81ee39d8-f793-45f1-9913-8d7546f542b0,2026-04-06 22:31:00+00:00,2026-04-06 22:31:00+00:00
BACKTESTER-001,EMACrossStrategy-000,GCM6.GLBX,GLBX-1-130,GCM6.GLBX-EMACrossStrategy-000,GLBX-001,GLBX-1-130,MARKET,SELL,1,GTC,True,False,1,TAKER,4688.0,0.0,['0.00 USD'],NO_TRIGGER,FILLED,NO_CONTINGENCY,,,,MY_GENERIC_ALGO,,O-20260406-223200-001-000-130,,073b8015-37e9-48fd-84db-fdf8a96b321d,2026-04-06 22:32:00+00:00,2026-04-06 22:32:00+00:00
BACKTESTER-001,EMACrossStrategy-000,GCM6.GLBX,GLBX-1-131,GCM6.GLBX-EMACrossStrategy-000,GLBX-001,GLBX-1-131,MARKET,SELL,1,GTC,False,False,1,TAKER,4688.0,0.0,['0.00 USD'],NO_TRIGGER,FILLED,NO_CONTINGENCY,,,,MY_GENERIC_ALGO,,O-20260406-223200-001-000-131,,cc8455c3-d625-42ed-953e-a6f5e0efd144,2026-04-06 22:32:00+00:00,2026-04-06 22:32:00+00:00
BACKTESTER-001,EMACrossStrategy-000,GCM6.GLBX,GLBX-1-132,GCM6.GLBX-EMACrossStrategy-000,GLBX-001,GLBX-1-132,MARKET,BUY,1,GTC,True,False,1,TAKER,4687.3,0.0,['0.00 USD'],NO_TRIGGER,FILLED,NO_CONTINGENCY,,,,MY_GENERIC_ALGO,,O-20260406-231000-001-000-132,,a4bc2c26-0147-4ef1-a0a2-79dfcce1a621,2026-04-06 23:10:00+00:00,2026-04-06 23:10:00+00:00
BACKTESTER-001,EMACrossStrategy-000,GCM6.GLBX,GLBX-1-133,GCM6.GLBX-EMACrossStrategy-000,GLBX-001,GLBX-1-133,MARKET,BUY,1,GTC,False,False,1,TAKER,4687.3,0.0,['0.00 USD'],NO_TRIGGER,FILLED,NO_CONTINGENCY,,,,MY_GENERIC_ALGO,,O-20260406-231000-001-000-133,,e70afaa0-03c3-46d7-bf8c-3310ed94bacd,2026-04-06 23:10:00+00:00,2026-04-06 23:10:00+00:00
BACKTESTER-001,EMACrossStrategy-000,GCM6.GLBX,GLBX-1-134,GCM6.GLBX-EMACrossStrategy-000,GLBX-001,GLBX-1-134,MARKET,SELL,1,GTC,True,False,1,TAKER,4684.7,0.0,['0.00 USD'],NO_TRIGGER,FILLED,NO_CONTINGENCY,,,,MY_GENERIC_ALGO,,O-20260406-232000-001-000-134,,2e14da29-bdcb-476d-b093-67eb2250bfaf,2026-04-06 23:20:00+00:00,2026-04-06 23:20:00+00:00
BACKTESTER-001,EMACrossStrategy-000,GCM6.GLBX,GLBX-1-135,GCM6.GLBX-EMACrossStrategy-000,GLBX-001,GLBX-1-135,MARKET,SELL,1,GTC,False,False,1,TAKER,4684.7,0.0,['0.00 USD'],NO_TRIGGER,FILLED,NO_CONTINGENCY,,,,MY_GENERIC_ALGO,,O-20260406-232000-001-000-135,,3e77c520-3f75-49ce-9eeb-1b16831bf2d9,2026-04-06 23:20:00+00:00,2026-04-06 23:20:00+00:00
BACKTESTER-001,EMACrossStrategy-000,GCM6.GLBX,GLBX-1-136,GCM6.GLBX-EMACrossStrategy-000,GLBX-001,GLBX-1-136,MARKET,BUY,1,GTC,True,False,1,TAKER,4683.6,0.0,['0.00 USD'],NO_TRIGGER,FILLED,NO_CONTINGENCY,,,,MY_GENERIC_ALGO,,O-20260406-234900-001-000-136,,b22297be-f9b4-4779-9a8d-8cbf36a7a28a,2026-04-06 23:49:00+00:00,2026-04-06 23:49:00+00:00
BACKTESTER-001,EMACrossStrategy-000,GCM6.GLBX,GLBX-1-137,GCM6.GLBX-EMACrossStrategy-000,GLBX-001,GLBX-1-137,MARKET,BUY,1,GTC,False,False,1,TAKER,4683.6,0.0,['0.00 USD'],NO_TRIGGER,FILLED,NO_CONTINGENCY,,,,MY_GENERIC_ALGO,,O-20260406-234900-001-000-137,,7a0432ac-df3c-433f-a91c-03856b3cb6f8,2026-04-06 23:49:00+00:00,2026-04-06 23:49:00+00:00
BACKTESTER-001,EMACrossStrategy-000,GCM6.GLBX,GLBX-1-138,GCM6.GLBX-EMACrossStrategy-000,GLBX-001,GLBX-1-138,MARKET,SELL,1,GTC,True,False,1,TAKER,4685.2,0.0,['0.00 USD'],NO_TRIGGER,FILLED,NO_CONTINGENCY,,,,MY_GENERIC_ALGO,,O-20260406-235959-001-000-138,,a82640e1-1a2a-47fd-a5e3-441d45b4a02e,2026-04-06 23:59:59.415361035+00:00,2026-04-06 23:59:59.415361035+00:00
