trader_id,strategy_id,instrument_id,venue_order_id,position_id,account_id,last_trade_id,type,side,quantity,time_in_force,is_reduce_only,is_quote_quantity,filled_qty,liquidity_side,avg_px,slippage,commissions,emulation_trigger,status,contingency_type,order_list_id,linked_order_ids,parent_order_id,exec_algorithm_id,exec_algorithm_params,exec_spawn_id,tags,init_id,ts_init,ts_last,arrival_mid,is_price,is_bps
BACKTESTER-001,EMACrossStrategy-000,MESM6.GLBX,GLBX-1-001,MESM6.GLBX-EMACrossStrategy-000,GLBX-001,GLBX-1-001,MARKET,BUY,1,GTC,False,False,1,TAKER,6600.25,0.0,['0.00 USD'],NO_TRIGGER,FILLED,NO_CONTINGENCY,,,,MY_GENERIC_ALGO,,O-20260406-002000-001-000-1,,2079d606-3ace-4707-9404-628e5df7dee3,1775434800000000000,1775434800000000000,6600.0,0.25,0.3787878787878788
BACKTESTER-001,EMACrossStrategy-000,MESM6.GLBX,GLBX-1-002,MESM6.GLBX-EMACrossStrategy-000,GLBX-001,GLBX-1-002,MARKET,SELL,1,GTC,True,False,1,TAKER,6611.5,0.0,['0.00 USD'],NO_TRIGGER,FILLED,NO_CONTINGENCY,,,,MY_GENERIC_ALGO,,O-20260406-015000-001-000-2,,78c3666d-ac3b-45e0-8f80-0e03bb92c15c,1775440200000000000,1775440200000000000,6611.625,0.125,0.1890609343391375
BACKTESTER-001,EMACrossStrategy-000,MESM6.GLBX,GLBX-1-003,MESM6.GLBX-EMACrossStrategy-000,GLBX-001,GLBX-1-003,MARKET,SELL,1,GTC,False,False,1,TAKER,6611.5,0.0,['0.00 USD'],NO_TRIGGER,FILLED,NO_CONTINGENCY,,,,MY_GENERIC_ALGO,,O-20260406-015000-001-000-3,,1fe01f03-3a1f-49a6-8e3d-4551348c16f0,1775440200000000000,1775440200000000000,6611.625,0.125,0.1890609343391375
BACKTESTER-001,EMACrossStrategy-000,MESM6.GLBX,GLBX-1-004,MESM6.GLBX-EMACrossStrategy-000,GLBX-001,GLBX-1-004,MARKET,BUY,1,GTC,True,False,1,TAKER,6613.75,0.0,['0.00 USD'],NO_TRIGGER,FILLED,NO_CONTINGENCY,,,,MY_GENERIC_ALGO,,O-20260406-020800-001-000-4,,c5f1fc41-bab7-46fc-a3c9-2c4340ac37fc,1775441280000000000,1775441280000000000,6613.625,0.125,0.18900376117484738
BACKTESTER-001,EMACrossStrategy-000,MESM6.GLBX,GLBX-1-005,MESM6.GLBX-EMACrossStrategy-000,GLBX-001,GLBX-1-005,MARKET,BUY,1,GTC,False,False,1,TAKER,6613.75,0.0,['0.00 USD'],NO_TRIGGER,FILLED,NO_CONTINGENCY,,,,MY_GENERIC_ALGO,,O-20260406-020800-001-000-5,,2954e4e2-757c-44ba-8def-42dc45ce97c0,1775441280000000000,1775441280000000000,6613.625,0.125,0.18900376117484738
BACKTESTER-001,EMACrossStrategy-000,MESM6.GLBX,GLBX-1-006,MESM6.GLBX-EMACrossStrategy-000,GLBX-001,GLBX-1-006,MARKET,SELL,1,GTC,True,False,1,TAKER,6623.5,0.0,['0.00 USD'],NO_TRIGGER,FILLED,NO_CONTINGENCY,,,,MY_GENERIC_ALGO,,O-20260406-024100-001-000-6,,e0c0b20c-2c9c-4ac8-ac9f-f5dfc196a2db,1775443260000000000,1775443260000000000,6623.75,0.25,0.37742970371768253
BACKTESTER-001,EMACrossStrategy-000,MESM6.GLBX,GLBX-1-007,MESM6.GLBX-EMACrossStrategy-000,GLBX-001,GLBX-1-007,MARKET,SELL,1,GTC,False,False,1,TAKER,6623.5,0.0,['0.00 USD'],NO_TRIGGER,FILLED,NO_CONTINGENCY,,,,MY_GENERIC_ALGO,,O-20260406-024100-001-000-7,,25d7999f-e64d-4396-8435-f71cb74e92eb,1775443260000000000,1775443260000000000,6623.75,0.25,0.37742970371768253
BACKTESTER-001,EMACrossStrategy-000,MESM6.GLBX,GLBX-1-008,MESM6.GLBX-EMACrossStrategy-000,GLBX-001,GLBX-1-008,MARKET,BUY,1,GTC,True,False,1,TAKER,6609.0,0.0,['0.00 USD'],NO_TRIGGER,FILLED,NO_CONTINGENCY,,,,MY_GENERIC_ALGO,,O-20260406-033800-001-000-8,,89934f94-7f9b-4a94-8ca3-8d3dea0864bd,1775446680000000000,1775446680000000000,6608.875,0.125,0.18913960394166934
BACKTESTER-001,EMACrossStrategy-000,MESM6.GLBX,GLBX-1-009,MESM6.GLBX-EMACrossStrategy-000,GLBX-001,GLBX-1-009,MARKET,BUY,1,GTC,False,False,1,TAKER,6609.0,0.0,['0.00 USD'],NO_TRIGGER,FILLED,NO_CONTINGENCY,,,,MY_GENERIC_ALGO,,O-20260406-033800-001-000-9,,1aa795b3-ba45-4589-baf4-44c81e5c0d6d,1775446680000000000,1775446680000000000,6608.875,0.125,0.18913960394166934
BACKTESTER-001,EMACrossStrategy-000,MESM6.GLBX,GLBX-1-010,MESM6.GLBX-EMACrossStrategy-000,GLBX-001,GLBX-1-010,MARKET,SELL,1,GTC,True,False,1,TAKER,6607.0,0.0,['0.00 USD'],NO_TRIGGER,FILLED,NO_CONTINGENCY,,,,MY_GENERIC_ALGO,,O-20260406-034100-001-000-10,,dba00713-b4bf-4a09-b36f-e234c70360b2,1775446860000000000,1775446860000000000,6607.125,0.125,0.18918970051270406
BACKTESTER-001,EMACrossStrategy-000,MESM6.GLBX,GLBX-1-011,MESM6.GLBX-EMACrossStrategy-000,GLBX-001,GLBX-1-011,MARKET,SELL,1,GTC,False,False,1,TAKER,6607.0,0.0,['0.00 USD'],NO_TRIGGER,FILLED,NO_CONTINGENCY,,,,MY_GENERIC_ALGO,,O-20260406-034100-001-000-11,,dbc143af-634e-46e6-8c22-efd62aadfb5f,1775446860000000000,1775446860000000000,6607.125,0.125,0.18918970051270406
BACKTESTER-001,EMACrossStrategy-000,MESM6.GLBX,GLBX-1-012,MESM6.GLBX-EMACrossStrategy-000,GLBX-001,GLBX-1-012,MARKET,BUY,1,GTC,True,False,1,TAKER,6609.0,0.0,['0.00 USD'],NO_TRIGGER,FILLED,NO_CONTINGENCY,,,,MY_GENERIC_ALGO,,O-20260406-034400-001-000-12,,0f91c38a-096e-489b-812f-5db546510b54,1775447040000000000,1775447040000000000,6608.875,0.125,0.18913960394166934
BACKTESTER-001,EMACrossStrategy-000,MESM6.GLBX,GLBX-1-013,MESM6.GLBX-EMACrossStrategy-000,GLBX-001,GLBX-1-013,MARKET,BUY,1,GTC,False,False,1,TAKER,6609.0,0.0,['0.00 USD'],NO_TRIGGER,FILLED,NO_CONTINGENCY,,,,MY_GENERIC_ALGO,,O-20260406-034400-001-000-13,,9ee0fc12-e814-4b93-ab58-1d30d8f1e912,1775447040000000000,1775447040000000000,6608.875,0.125,0.18913960394166934
BACKTESTER-001,EMACrossStrategy-000,MESM6.GLBX,GLBX-1-014,MESM6.GLBX-EMACrossStrategy-000,GLBX-001,GLBX-1-014,MARKET,SELL,1,GTC,True,False,1,TAKER,6620.5,0.0,['0.00 USD'],NO_TRIGGER,FILLED,NO_CONTINGENCY,,,,MY_GENERIC_ALGO,,O-20260406-053000-001-000-14,,0be61802-d9b8-4611-859c-49dec48161dc,1775453400000000000,1775453400000000000,6620.625,0.125,0.18880392712168415
BACKTESTER-001,EMACrossStrategy-000,MESM6.GLBX,GLBX-1-015,MESM6.GLBX-EMACrossStrategy-000,GLBX-001,GLBX-1-015,MARKET,SELL,1,GTC,False,False,1,TAKER,6620.5,0.0,['0.00 USD'],NO_TRIGGER,FILLED,NO_CONTINGENCY,,,,MY_GENERIC_ALGO,,O-20260406-053000-001-000-15,,60131a57-d2e0-45d8-beed-b1adc10e4891,1775453400000000000,1775453400000000000,6620.625,0.125,0.18880392712168415
BACKTESTER-001,EMACrossStrategy-000,MESM6.GLBX,GLBX-1-016,MESM6.GLBX-EMACrossStrategy-000,GLBX-001,GLBX-1-016,MARKET,BUY,1,GTC,True,False,1,TAKER,6621.0,0.0,['0.00 USD'],NO_TRIGGER,FILLED,NO_CONTINGENCY,,,,MY_GENERIC_ALGO,,O-20260406-060800-001-000-16,,7c8e9a6e-a8ce-4480-9109-c8b51f46e75a,1775455680000000000,1775455680000000000,6620.875,0.125,0.18879679800630583
BACKTESTER-001,EMACrossStrategy-000,MESM6.GLBX,GLBX-1-017,MESM6.GLBX-EMACrossStrategy-000,GLBX-001,GLBX-1-017,MARKET,BUY,1,GTC,False,False,1,TAKER,6621.0,0.0,['0.00 USD'],NO_TRIGGER,FILLED,NO_CONTINGENCY,,,,MY_GENERIC_ALGO,,O-20260406-060800-001-000-17,,90b05b10-dc94-4aeb-afe1-23bccbcb0d9a,1775455680000000000,1775455680000000000,6620.875,0.125,0.18879679800630583
BACKTESTER-001,EMACrossStrategy-000,MESM6.GLBX,GLBX-1-018,MESM6.GLBX-EMACrossStrategy-000,GLBX-001,GLBX-1-018,MARKET,SELL,1,GTC,True,False,1,TAKER,6620.25,0.0,['0.00 USD'],NO_TRIGGER,FILLED,NO_CONTINGENCY,,,,MY_GENERIC_ALGO,,O-20260406-062800-001-000-18,,179cd5ae-6156-4828-a39b-cb5323407f2a,1775456880000000000,1775456880000000000,6620.375,0.125,0.18881105677548476
BACKTESTER-001,EMACrossStrategy-000,MESM6.GLBX,GLBX-1-019,MESM6.GLBX-EMACrossStrategy-000,GLBX-001,GLBX-1-019,MARKET,SELL,1,GTC,False,False,1,TAKER,6620.25,0.0,['0.00 USD'],NO_TRIGGER,FILLED,NO_CONTINGENCY,,,,MY_GENERIC_ALGO,,O-20260406-062800-001-000-19,,3ce1ba27-4b7c-49ee-8849-edb4a2ac930e,1775456880000000000,1775456880000000000,6620.375,0.125,0.18881105677548476
BACKTESTER-001,EMACrossStrategy-000,MESM6.GLBX,GLBX-1-020,MESM6.GLBX-EMACrossStrategy-000,GLBX-001,GLBX-1-020,MARKET,BUY,1,GTC,True,False,1,TAKER,6624.0,0.0,['0.00 USD'],NO_TRIGGER,FILLED,NO_CONTINGENCY,,,,MY_GENERIC_ALGO,,O-20260406-065100-001-000-20,,67119c4b-ba1b-4a7f-b782-f360448fe5fe,1775458260000000000,1775458260000000000,6623.75,0.25,0.37742970371768253
BACKTESTER-001,EMACrossStrategy-000,MESM6.GLBX,GLBX-1-021,MESM6.GLBX-EMACrossStrategy-000,GLBX-001,GLBX-1-021,MARKET,BUY,1,GTC,False,False,1,TAKER,6624.0,0.0,['0.00 USD'],NO_TRIGGER,FILLED,NO_CONTINGENCY,,,,MY_GENERIC_ALGO,,O-20260406-065100-001-000-21,,e90f3ff0-62dd-4c1e-a874-fe2e248697cc,1775458260000000000,1775458260000000000,6623.75,0.25,0.37742970371768253
BACKTESTER-001,EMACrossStrategy-000,MESM6.GLBX,GLBX-1-022,MESM6.GLBX-EMACrossStrategy-000,GLBX-001,GLBX-1-022,MARKET,SELL,1,GTC,True,False,1,TAKER,6619.25,0.0,['0.00 USD'],NO_TRIGGER,FILLED,NO_CONTINGENCY,,,,MY_GENERIC_ALGO,,O-20260406-070600-001-000-22,,5d505167-2726-4ec7-90f0-e6da3c9da0a6,1775459160000000000,1775459160000000000,6619.5,0.25,0.37767202960948715
BACKTESTER-001,EMACrossStrategy-000,MESM6.GLBX,GLBX-1-023,MESM6.GLBX-EMACrossStrategy-000,GLBX-001,GLBX-1-023,MARKET,SELL,1,GTC,False,False,1,TAKER,6619.25,0.0,['0.00 USD'],NO_TRIGGER,FILLED,NO_CONTINGENCY,,,,MY_GENERIC_ALGO,,O-20260406-070600-001-000-23,,7629212e-185e-4c71-aed9-f4250357ec8d,1775459160000000000,1775459160000000000,6619.5,0.25,0.37767202960948715
BACKTESTER-001,EMACrossStrategy-000,MESM6.GLBX,GLBX-1-024,MESM6.GLBX-EMACrossStrategy-000,GLBX-001,GLBX-1-024,MARKET,BUY,1,GTC,True,False,1,TAKER,6622.75,0.0,['0.00 USD'],NO_TRIGGER,FILLED,NO_CONTINGENCY,,,,MY_GENERIC_ALGO,,O-20260406-071800-001-000-24,,1038ded5-9a30-463b-9e4a-d4c6ed55b810,1775459880000000000,1775459880000000000,6622.625,0.125,0.18874690926936072
BACKTESTER-001,EMACrossStrategy-000,MESM6.GLBX,GLBX-1-025,MESM6.GLBX-EMACrossStrategy-000,GLBX-001,GLBX-1-025,MARKET,BUY,1,GTC,False,False,1,TAKER,6622.75,0.0,['0.00 USD'],NO_TRIGGER,FILLED,NO_CONTINGENCY,,,,MY_GENERIC_ALGO,,O-20260406-071800-001-000-25,,76c96f09-69f7-496d-8f69-53d3b7d34989,1775459880000000000,1775459880000000000,6622.625,0.125,0.18874690926936072
BACKTESTER-001,EMACrossStrategy-000,MESM6.GLBX,GLBX-1-026,MESM6.GLBX-EMACrossStrategy-000,GLBX-001,GLBX-1-026,MARKET,SELL,1,GTC,True,False,1,TAKER,6644.75,0.0,['0.00 USD'],NO_TRIGGER,FILLED,NO_CONTINGENCY,,,,MY_GENERIC_ALGO,,O-20260406-090000-001-000-26,,a554365a-a98a-4680-9ecb-3099025afee9,1775466000000000000,1775466000000000000,6644.875,0.125,0.18811490058127503
BACKTESTER-001,EMACrossStrategy-000,MESM6.GLBX,GLBX-1-027,MESM6.GLBX-EMACrossStrategy-000,GLBX-001,GLBX-1-027,MARKET,SELL,1,GTC,False,False,1,TAKER,6644.75,0.0,['0.00 USD'],NO_TRIGGER,FILLED,NO_CONTINGENCY,,,,MY_GENERIC_ALGO,,O-20260406-090000-001-000-27,,1fd0d85f-bf52-44b3-b4c0-fe24bd559f43,1775466000000000000,1775466000000000000,6644.875,0.125,0.18811490058127503
BACKTESTER-001,EMACrossStrategy-000,MESM6.GLBX,GLBX-1-028,MESM6.GLBX-EMACrossStrategy-000,GLBX-001,GLBX-1-028,MARKET,BUY,1,GTC,True,False,1,TAKER,6647.5,0.0,['0.00 USD'],NO_TRIGGER,FILLED,NO_CONTINGENCY,,,,MY_GENERIC_ALGO,,O-20260406-090200-001-000-28,,5aec18b9-0436-4418-9c23-80106e5419d1,1775466120000000000,1775466120000000000,6647.375,0.125,0.1880441527670697
BACKTESTER-001,EMACrossStrategy-000,MESM6.GLBX,GLBX-1-029,MESM6.GLBX-EMACrossStrategy-000,GLBX-001,GLBX-1-029,MARKET,BUY,1,GTC,False,False,1,TAKER,6647.5,0.0,['0.00 USD'],NO_TRIGGER,FILLED,NO_CONTINGENCY,,,,MY_GENERIC_ALGO,,O-20260406-090200-001-000-29,,9257ea22-4cd3-44d8-b398-109eac273bbd,1775466120000000000,1775466120000000000,6647.375,0.125,0.1880441527670697
BACKTESTER-001,EMACrossStrategy-000,MESM6.GLBX,GLBX-1-030,MESM6.GLBX-EMACrossStrategy-000,GLBX-001,GLBX-1-030,MARKET,SELL,1,GTC,True,False,1,TAKER,6645.0,0.0,['0.00 USD'],NO_TRIGGER,FILLED,NO_CONTINGENCY,,,,MY_GENERIC_ALGO,,O-20260406-091600-001-000-30,,45e2ae82-a770-4192-8442-0404c49ed561,1775466960000000000,1775466960000000000,6645.125,0.125,0.18810782340437537
BACKTESTER-001,EMACrossStrategy-000,MESM6.GLBX,GLBX-1-031,MESM6.GLBX-EMACrossStrategy-000,GLBX-001,GLBX-1-031,MARKET,SELL,1,GTC,False,False,1,TAKER,6645.0,0.0,['0.00 USD'],NO_TRIGGER,FILLED,NO_CONTINGENCY,,,,MY_GENERIC_ALGO,,O-20260406-091600-001-000-31,,18dc10c6-fd76-428a-bf51-1c62af73c73e,1775466960000000000,1775466960000000000,6645.125,0.125,0.18810782340437537
BACKTESTER-001,EMACrossStrategy-000,MESM6.GLBX,GLBX-1-032,MESM6.GLBX-EMACrossStrategy-000,GLBX-001,GLBX-1-032,MARKET,BUY,1,GTC,True,False,1,TAKER,6649.0,0.0,['0.00 USD'],NO_TRIGGER,FILLED,NO_CONTINGENCY,,,,MY_GENERIC_ALGO,,O-20260406-092000-001-000-32,,e759b09a-55be-4c59-b46e-59703f4d1bbb,1775467200000000000,1775467200000000000,6648.875,0.125,0.18800172961591247
BACKTESTER-001,EMACrossStrategy-000,MESM6.GLBX,GLBX-1-033,MESM6.GLBX-EMACrossStrategy-000,GLBX-001,GLBX-1-033,MARKET,BUY,1,GTC,False,False,1,TAKER,6649.0,0.0,['0.00 USD'],NO_TRIGGER,FILLED,NO_CONTINGENCY,,,,MY_GENERIC_ALGO,,O-20260406-092000-001-000-33,,88eea3ae-6225-4a83-a68e-b9b22c8f74c9,1775467200000000000,1775467200000000000,6648.875,0.125,0.18800172961591247
BACKTESTER-001,EMACrossStrategy-000,MESM6.GLBX,GLBX-1-034,MESM6.GLBX-EMACrossStrategy-000,GLBX-001,GLBX-1-034,MARKET,SELL,1,GTC,True,False,1,TAKER,6646.0,0.0,['0.00 USD'],NO_TRIGGER,FILLED,NO_CONTINGENCY,,,,MY_GENERIC_ALGO,,O-20260406-092900-001-000-34,,ac3ac83e-e3dd-42ed-8601-be9e0637dcaa,1775467740000000000,1775467740000000000,6646.125,0.125,0.18807952002106493
BACKTESTER-001,EMACrossStrategy-000,MESM6.GLBX,GLBX-1-035,MESM6.GLBX-EMACrossStrategy-000,GLBX-001,GLBX-1-035,MARKET,SELL,1,GTC,False,False,1,TAKER,6646.0,0.0,['0.00 USD'],NO_TRIGGER,FILLED,NO_CONTINGENCY,,,,MY_GENERIC_ALGO,,O-20260406-092900-001-000-35,,2e0338b8-09b7-47e3-b9ce-87ceca36ee33,1775467740000000000,1775467740000000000,6646.125,0.125,0.18807952002106493
BACKTESTER-001,EMACrossStrategy-000,MESM6.GLBX,GLBX-1-036,MESM6.GLBX-EMACrossStrategy-000,GLBX-001,GLBX-1-036,MARKET,BUY,1,GTC,True,False,1,TAKER,6648.25,0.0,['0.00 USD'],NO_TRIGGER,FILLED,NO_CONTINGENCY,,,,MY_GENERIC_ALGO,,O-20260406-093200-001-000-36,,c1345f64-b298-4776-8f5f-449adad938d5,1775467920000000000,1775467920000000000,6648.125,0.125,0.1880229387985334
BACKTESTER-001,EMACrossStrategy-000,MESM6.GLBX,GLBX-1-037,MESM6.GLBX-EMACrossStrategy-000,GLBX-001,GLBX-1-037,MARKET,BUY,1,GTC,False,False,1,TAKER,6648.25,0.0,['0.00 USD'],NO_TRIGGER,FILLED,NO_CONTINGENCY,,,,MY_GENERIC_ALGO,,O-20260406-093200-001-000-37,,59e30ea8-b579-4aa0-a679-2a6ee426c924,1775467920000000000,1775467920000000000,6648.125,0.125,0.1880229387985334
BACKTESTER-001,EMACrossStrategy-000,MESM6.GLBX,GLBX-1-038,MESM6.GLBX-EMACrossStrategy-000,GLBX-001,GLBX-1-038,MARKET,SELL,1,GTC,True,False,1,TAKER,6646.25,0.0,['0.00 USD'],NO_TRIGGER,FILLED,NO_CONTINGENCY,,,,MY_GENERIC_ALGO,,O-20260406-093700-001-000-38,,f728259b-d25e-4d10-88d5-87979fd66ccb,1775468220000000000,1775468220000000000,6646.375,0.125,0.1880724455060089
BACKTESTER-001,EMACrossStrategy-000,MESM6.GLBX,GLBX-1-039,MESM6.GLBX-EMACrossStrategy-000,GLBX-001,GLBX-1-039,MARKET,SELL,1,GTC,False,False,1,TAKER,6646.25,0.0,['0.00 USD'],NO_TRIGGER,FILLED,NO_CONTINGENCY,,,,MY_GENERIC_ALGO,,O-20260406-093700-001-000-39,,6050b7b1-d51b-4a9f-aad5-8df863d8939b,1775468220000000000,1775468220000000000,6646.375,0.125,0.1880724455060089
BACKTESTER-001,EMACrossStrategy-000,MESM6.GLBX,GLBX-1-040,MESM6.GLBX-EMACrossStrategy-000,GLBX-001,GLBX-1-040,MARKET,BUY,1,GTC,True,False,1,TAKER,6641.75,0.0,['0.00 USD'],NO_TRIGGER,FILLED,NO_CONTINGENCY,,,,MY_GENERIC_ALGO,,O-20260406-101300-001-000-40,,cb30466e-7abf-422b-a36b-a48a059431e5,1775470380000000000,1775470380000000000,6641.625,0.125,0.18820695236482035
BACKTESTER-001,EMACrossStrategy-000,MESM6.GLBX,GLBX-1-041,MESM6.GLBX-EMACrossStrategy-000,GLBX-001,GLBX-1-041,MARKET,BUY,1,GTC,False,False,1,TAKER,6641.75,0.0,['0.00 USD'],NO_TRIGGER,FILLED,NO_CONTINGENCY,,,,MY_GENERIC_ALGO,,O-20260406-101300-001-000-41,,cbdfa4a0-60e3-4680-83e4-75228247fee6,1775470380000000000,1775470380000000000,6641.625,0.125,0.18820695236482035
BACKTESTER-001,EMACrossStrategy-000,MESM6.GLBX,GLBX-1-042,MESM6.GLBX-EMACrossStrategy-000,GLBX-001,GLBX-1-042,MARKET,SELL,1,GTC,True,False,1,TAKER,6638.5,0.0,['0.00 USD'],NO_TRIGGER,FILLED,NO_CONTINGENCY,,,,MY_GENERIC_ALGO,,O-20260406-101600-001-000-42,,f651cf28-aa28-4897-93a6-cf5545ee5134,1775470560000000000,1775470560000000000,6638.625,0.125,0.18829200323862247
BACKTESTER-001,EMACrossStrategy-000,MESM6.GLBX,GLBX-1-043,MESM6.GLBX-EMACrossStrategy-000,GLBX-001,GLBX-1-043,MARKET,SELL,1,GTC,False,False,1,TAKER,6638.5,0.0,['0.00 USD'],NO_TRIGGER,FILLED,NO_CONTINGENCY,,,,MY_GENERIC_ALGO,,O-20260406-101600-001-000-43,,ccc44e75-e019-407b-911b-ec3029e05f7d,1775470560000000000,1775470560000000000,6638.625,0.125,0.18829200323862247
BACKTESTER-001,EMACrossStrategy-000,MESM6.GLBX,GLBX-1-044,MESM6.GLBX-EMACrossStrategy-000,GLBX-001,GLBX-1-044,MARKET,BUY,1,GTC,True,False,1,TAKER,6639.75,0.0,['0.00 USD'],NO_TRIGGER,FILLED,NO_CONTINGENCY,,,,MY_GENERIC_ALGO,,O-20260406-103800-001-000-44,,c2cc4423-065d-484e-9db4-2ac3d4814add,1775471880000000000,1775471880000000000,6639.5,0.25,0.37653437758867386
BACKTESTER-001,EMACrossStrategy-000,MESM6.GLBX,GLBX-1-045,MESM6.GLBX-EMACrossStrategy-000,GLBX-001,GLBX-1-045,MARKET,BUY,1,GTC,False,False,1,TAKER,6639.75,0.0,['0.00 USD'],NO_TRIGGER,FILLED,NO_CONTINGENCY,,,,MY_GENERIC_ALGO,,O-20260406-103800-001-000-45,,1d8ffb5e-a775-4d8d-8a0e-86216ac1a0f4,1775471880000000000,1775471880000000000,6639.5,0.25,0.37653437758867386
BACKTESTER-001,EMACrossStrategy-000,MESM6.GLBX,GLBX-1-046,MESM6.GLBX-EMACrossStrategy-000,GLBX-001,GLBX-1-046,MARKET,SELL,1,GTC,True,False,1,TAKER,6637.5,0.0,['0.00 USD'],NO_TRIGGER,FILLED,NO_CONTINGENCY,,,,MY_GENERIC_ALGO,,O-20260406-104600-001-000-46,,6e40f44e-e57c-4063-8544-776177074d34,1775472360000000000,1775472360000000000,6637.625,0.125,0.18832037061448936
BACKTESTER-001,EMACrossStrategy-000,MESM6.GLBX,GLBX-1-047,MESM6.GLBX-EMACrossStrategy-000,GLBX-001,GLBX-1-047,MARKET,SELL,1,GTC,False,False,1,TAKER,6637.5,0.0,['0.00 USD'],NO_TRIGGER,FILLED,NO_CONTINGENCY,,,,MY_GENERIC_ALGO,,O-20260406-104600-001-000-47,,7465053b-c4b3-4a5b-af4e-a027b796a5bb,1775472360000000000,1775472360000000000,6637.625,0.125,0.18832037061448936
BACKTESTER-001,EMACrossStrategy-000,MESM6.GLBX,GLBX-1-048,MESM6.GLBX-EMACrossStrategy-000,GLBX-001,GLBX-1-048,MARKET,BUY,1,GTC,True,False,1,TAKER,6630.0,0.0,['0.00 USD'],NO_TRIGGER,FILLED,NO_CONTINGENCY,,,,MY_GENERIC_ALGO,,O-20260406-113500-001-000-48,,6bf98137-4e5b-4697-9855-4dee4a7be68e,1775475300000000000,1775475300000000000,6629.75,0.25,0.37708812549492815
BACKTESTER-001,EMACrossStrategy-000,MESM6.GLBX,GLBX-1-049,MESM6.GLBX-EMACrossStrategy-000,GLBX-001,GLBX-1-049,MARKET,BUY,1,GTC,False,False,1,TAKER,6630.0,0.0,['0.00 USD'],NO_TRIGGER,FILLED,NO_CONTINGENCY,,,,MY_GENERIC_ALGO,,O-20260406-113500-001-000-49,,a7c54d0e-488d-4c02-bc17-82ad40e1264d,1775475300000000000,1775475300000000000,6629.75,0.25,0.37708812549492815
BACKTESTER-001,EMACrossStrategy-000,MESM6.GLBX,GLBX-1-050,MESM6.GLBX-EMACrossStrategy-000,GLBX-001,GLBX-1-050,MARKET,SELL,1,GTC,True,False,1,TAKER,6625.75,0.0,['0.00 USD'],NO_TRIGGER,FILLED,NO_CONTINGENCY,,,,MY_GENERIC_ALGO,,O-20260406-114500-001-000-50,,cab3e801-6789-463e-b82b-bd9560c32174,1775475900000000000,1775475900000000000,6625.875,0.125,0.18865432867357143
BACKTESTER-001,EMACrossStrategy-000,MESM6.GLBX,GLBX-1-051,MESM6.GLBX-EMACrossStrategy-000,GLBX-001,GLBX-1-051,MARKET,SELL,1,GTC,False,False,1,TAKER,6625.75,0.0,['0.00 USD'],NO_TRIGGER,FILLED,NO_CONTINGENCY,,,,MY_GENERIC_ALGO,,O-20260406-114500-001-000-51,,41a9e683-72cf-4eeb-b100-b2c8b4a5088d,1775475900000000000,1775475900000000000,6625.875,0.125,0.18865432867357143
BACKTESTER-001,EMACrossStrategy-000,MESM6.GLBX,GLBX-1-052,MESM6.GLBX-EMACrossStrategy-000,GLBX-001,GLBX-1-052,MARKET,BUY,1,GTC,True,False,1,TAKER,6629.75,0.0,['0.00 USD'],NO_TRIGGER,FILLED,NO_CONTINGENCY,,,,MY_GENERIC_ALGO,,O-20260406-115200-001-000-52,,f3e73f58-56d1-43fa-ab9c-ec078d3b208b,1775476320000000000,1775476320000000000,6629.625,0.125,0.18854761770085038
BACKTESTER-001,EMACrossStrategy-000,MESM6.GLBX,GLBX-1-053,MESM6.GLBX-EMACrossStrategy-000,GLBX-001,GLBX-1-053,MARKET,BUY,1,GTC,False,False,1,TAKER,6629.75,0.0,['0.00 USD'],NO_TRIGGER,FILLED,NO_CONTINGENCY,,,,MY_GENERIC_ALGO,,O-20260406-115200-001-000-53,,b5e3bd5b-0f33-4117-a7f4-e06e25e55b06,1775476320000000000,1775476320000000000,6629.625,0.125,0.18854761770085038
BACKTESTER-001,EMACrossStrategy-000,MESM6.GLBX,GLBX-1-054,MESM6.GLBX-EMACrossStrategy-000,GLBX-001,GLBX-1-054,MARKET,SELL,1,GTC,True,False,1,TAKER,6627.0,0.0,['0.00 USD'],NO_TRIGGER,FILLED,NO_CONTINGENCY,,,,MY_GENERIC_ALGO,,O-20260406-115800-001-000-54,,40309692-52b1-4839-a57e-0ba9ec9cf227,1775476680000000000,1775476680000000000,6627.25,0.25,0.377230374589762
BACKTESTER-001,EMACrossStrategy-000,MESM6.GLBX,GLBX-1-055,MESM6.GLBX-EMACrossStrategy-000,GLBX-001,GLBX-1-055,MARKET,SELL,1,GTC,False,False,1,TAKER,6627.0,0.0,['0.00 USD'],NO_TRIGGER,FILLED,NO_CONTINGENCY,,,,MY_GENERIC_ALGO,,O-20260406-115800-001-000-55,,0c004a25-4713-410f-a47f-f26e922926d2,1775476680000000000,1775476680000000000,6627.25,0.25,0.377230374589762
BACKTESTER-001,EMACrossStrategy-000,MESM6.GLBX,GLBX-1-056,MESM6.GLBX-EMACrossStrategy-000,GLBX-001,GLBX-1-056,MARKET,BUY,1,GTC,True,False,1,TAKER,6627.5,0.0,['0.00 USD'],NO_TRIGGER,FILLED,NO_CONTINGENCY,,,,MY_GENERIC_ALGO,,O-20260406-122900-001-000-56,,433d4e04-ee91-4174-a854-d3f289ad0739,1775478540000000000,1775478540000000000,6627.375,0.125,0.18861162979309304
BACKTESTER-001,EMACrossStrategy-000,MESM6.GLBX,GLBX-1-057,MESM6.GLBX-EMACrossStrategy-000,GLBX-001,GLBX-1-057,MARKET,BUY,1,GTC,False,False,1,TAKER,6627.5,0.0,['0.00 USD'],NO_TRIGGER,FILLED,NO_CONTINGENCY,,,,MY_GENERIC_ALGO,,O-20260406-122900-001-000-57,,a91d094b-da34-455f-b547-20d881d7f073,1775478540000000000,1775478540000000000,6627.375,0.125,0.18861162979309304
BACKTESTER-001,EMACrossStrategy-000,MESM6.GLBX,GLBX-1-058,MESM6.GLBX-EMACrossStrategy-000,GLBX-001,GLBX-1-058,MARKET,SELL,1,GTC,True,False,1,TAKER,6628.75,0.0,['0.00 USD'],NO_TRIGGER,FILLED,NO_CONTINGENCY,,,,MY_GENERIC_ALGO,,O-20260406-125800-001-000-58,,28e9f02e-6849-4c61-9b14-44b027d661ba,1775480280000000000,1775480280000000000,6628.875,0.125,0.18856895023665404
BACKTESTER-001,EMACrossStrategy-000,MESM6.GLBX,GLBX-1-059,MESM6.GLBX-EMACrossStrategy-000,GLBX-001,GLBX-1-059,MARKET,SELL,1,GTC,False,False,1,TAKER,6628.75,0.0,['0.00 USD'],NO_TRIGGER,FILLED,NO_CONTINGENCY,,,,MY_GENERIC_ALGO,,O-20260406-125800-001-000-59,,340ea295-9066-4af4-a9d6-2f9e55ab29c7,1775480280000000000,1775480280000000000,6628.875,0.125,0.18856895023665404
BACKTESTER-001,EMACrossStrategy-000,MESM6.GLBX,GLBX-1-060,MESM6.GLBX-EMACrossStrategy-000,GLBX-001,GLBX-1-060,MARKET,BUY,1,GTC,True,False,1,TAKER,6627.75,0.0,['0.00 USD'],NO_TRIGGER,FILLED,NO_CONTINGENCY,,,,MY_GENERIC_ALGO,,O-20260406-131600-001-000-60,,b2b52fcb-d889-4d68-8d5c-e9b1a59de517,1775481360000000000,1775481360000000000,6627.625,0.125,0.1886045151920937
BACKTESTER-001,EMACrossStrategy-000,MESM6.GLBX,GLBX-1-061,MESM6.GLBX-EMACrossStrategy-000,GLBX-001,GLBX-1-061,MARKET,BUY,1,GTC,False,False,1,TAKER,6627.75,0.0,['0.00 USD'],NO_TRIGGER,FILLED,NO_CONTINGENCY,,,,MY_GENERIC_ALGO,,O-20260406-131600-001-000-61,,34dac42d-6e5f-46bb-91a0-d1f3a2b77535,1775481360000000000,1775481360000000000,6627.625,0.125,0.1886045151920937
BACKTESTER-001,EMACrossStrategy-000,MESM6.GLBX,GLBX-1-062,MESM6.GLBX-EMACrossStrategy-000,GLBX-001,GLBX-1-062,MARKET,SELL,1,GTC,True,False,1,TAKER,6624.75,0.0,['0.00 USD'],NO_TRIGGER,FILLED,NO_CONTINGENCY,,,,MY_GENERIC_ALGO,,O-20260406-132000-001-000-62,,cbbf5bd7-ccc2-4e62-8df5-3b483f4503ef,1775481600000000000,1775481600000000000,6625.0,0.25,0.37735849056603776
BACKTESTER-001,EMACrossStrategy-000,MESM6.GLBX,GLBX-1-063,MESM6.GLBX-EMACrossStrategy-000,GLBX-001,GLBX-1-063,MARKET,SELL,1,GTC,False,False,1,TAKER,6624.75,0.0,['0.00 USD'],NO_TRIGGER,FILLED,NO_CONTINGENCY,,,,MY_GENERIC_ALGO,,O-20260406-132000-001-000-63,,344a8d4e-e2ba-4051-bb5e-70086912e3dd,1775481600000000000,1775481600000000000,6625.0,0.25,0.37735849056603776
BACKTESTER-001,EMACrossStrategy-000,MESM6.GLBX,GLBX-1-064,MESM6.GLBX-EMACrossStrategy-000,GLBX-001,GLBX-1-064,MARKET,BUY,1,GTC,True,False,1,TAKER,6630.75,0.0,['0.00 USD'],NO_TRIGGER,FILLED,NO_CONTINGENCY,,,,MY_GENERIC_ALGO,,O-20260406-133200-001-000-64,,7e2bd5a6-2370-417c-b86c-3332c08812e6,1775482320000000000,1775482320000000000,6630.625,0.125,0.18851918182675087
BACKTESTER-001,EMACrossStrategy-000,MESM6.GLBX,GLBX-1-065,MESM6.GLBX-EMACrossStrategy-000,GLBX-001,GLBX-1-065,MARKET,BUY,1,GTC,False,False,1,TAKER,6630.75,0.0,['0.00 USD'],NO_TRIGGER,FILLED,NO_CONTINGENCY,,,,MY_GENERIC_ALGO,,O-20260406-133200-001-000-65,,2d4055a6-b51b-44eb-a4c7-b70e2042a24b,1775482320000000000,1775482320000000000,6630.625,0.125,0.18851918182675087
BACKTESTER-001,EMACrossStrategy-000,MESM6.GLBX,GLBX-1-066,MESM6.GLBX-EMACrossStrategy-000,GLBX-001,GLBX-1-066,MARKET,SELL,1,GTC,True,False,1,TAKER,6624.5,0.0,['0.00 USD'],NO_TRIGGER,FILLED,NO_CONTINGENCY,,,,MY_GENERIC_ALGO,,O-20260406-140600-001-000-66,,6d319283-ef46-44d1-9a7e-68fc44bd32d2,1775484360000000000,1775484360000000000,6624.625,0.125,0.18868992584485914
BACKTESTER-001,EMACrossStrategy-000,MESM6.GLBX,GLBX-1-067,MESM6.GLBX-EMACrossStrategy-000,GLBX-001,GLBX-1-067,MARKET,SELL,1,GTC,False,False,1,TAKER,6624.5,0.0,['0.00 USD'],NO_TRIGGER,FILLED,NO_CONTINGENCY,,,,MY_GENERIC_ALGO,,O-20260406-140600-001-000-67,,789dccec-04b9-4f2e-ad5e-42dbfc898fbc,1775484360000000000,1775484360000000000,6624.625,0.125,0.18868992584485914
BACKTESTER-001,EMACrossStrategy-000,MESM6.GLBX,GLBX-1-068,MESM6.GLBX-EMACrossStrategy-000,GLBX-001,GLBX-1-068,MARKET,BUY,1,GTC,True,False,1,TAKER,6644.75,0.0,['0.00 USD'],NO_TRIGGER,FILLED,NO_CONTINGENCY,,,,MY_GENERIC_ALGO,,O-20260406-141500-001-000-68,,e42f8e69-f0b6-4238-8fc2-5c4f60279f51,1775484900000000000,1775484900000000000,6644.625,0.125,0.1881219782907237
BACKTESTER-001,EMACrossStrategy-000,MESM6.GLBX,GLBX-1-069,MESM6.GLBX-EMACrossStrategy-000,GLBX-001,GLBX-1-069,MARKET,BUY,1,GTC,False,False,1,TAKER,6644.75,0.0,['0.00 USD'],NO_TRIGGER,FILLED,NO_CONTINGENCY,,,,MY_GENERIC_ALGO,,O-20260406-141500-001-000-69,,a174a5fa-3399-4062-8f69-6e0348594e0f,1775484900000000000,1775484900000000000,6644.625,0.125,0.1881219782907237
BACKTESTER-001,EMACrossStrategy-000,MESM6.GLBX,GLBX-1-070,MESM6.GLBX-EMACrossStrategy-000,GLBX-001,GLBX-1-070,MARKET,SELL,1,GTC,True,False,1,TAKER,6632.0,0.0,['0.00 USD'],NO_TRIGGER,FILLED,NO_CONTINGENCY,,,,MY_GENERIC_ALGO,,O-20260406-143900-001-000-70,,082dd3d9-416c-4038-bd95-28aabd0075c1,1775486340000000000,1775486340000000000,6632.125,0.125,0.1884765440940875
BACKTESTER-001,EMACrossStrategy-000,MESM6.GLBX,GLBX-1-071,MESM6.GLBX-EMACrossStrategy-000,GLBX-001,GLBX-1-071,MARKET,SELL,1,GTC,False,False,1,TAKER,6632.0,0.0,['0.00 USD'],NO_TRIGGER,FILLED,NO_CONTINGENCY,,,,MY_GENERIC_ALGO,,O-20260406-143900-001-000-71,,44925c25-3cda-453a-94c5-e661d71be5df,1775486340000000000,1775486340000000000,6632.125,0.125,0.1884765440940875
BACKTESTER-001,EMACrossStrategy-000,MESM6.GLBX,GLBX-1-072,MESM6.GLBX-EMACrossStrategy-000,GLBX-001,GLBX-1-072,MARKET,BUY,1,GTC,True,False,1,TAKER,6643.0,0.0,['0.00 USD'],NO_TRIGGER,FILLED,NO_CONTINGENCY,,,,MY_GENERIC_ALGO,,O-20260406-150200-001-000-72,,a12f1710-75ed-42da-b8de-fea38e3d571d,1775487720000000000,1775487720000000000,6642.875,0.125,0.1881715371732872
BACKTESTER-001,EMACrossStrategy-000,MESM6.GLBX,GLBX-1-073,MESM6.GLBX-EMACrossStrategy-000,GLBX-001,GLBX-1-073,MARKET,BUY,1,GTC,False,False,1,TAKER,6643.0,0.0,['0.00 USD'],NO_TRIGGER,FILLED,NO_CONTINGENCY,,,,MY_GENERIC_ALGO,,O-20260406-150200-001-000-73,,e09a35f6-28a4-4c5a-897d-138f0b39967e,1775487720000000000,1775487720000000000,6642.875,0.125,0.1881715371732872
BACKTESTER-001,EMACrossStrategy-000,MESM6.GLBX,GLBX-1-074,MESM6.GLBX-EMACrossStrategy-000,GLBX-001,GLBX-1-074,MARKET,SELL,1,GTC,True,False,1,TAKER,6636.0,0.0,['0.00 USD'],NO_TRIGGER,FILLED,NO_CONTINGENCY,,,,MY_GENERIC_ALGO,,O-20260406-150400-001-000-74,,34be3027-4fcd-4adc-832b-b889e97f921d,1775487840000000000,1775487840000000000,6636.125,0.125,0.1883629377083765
BACKTESTER-001,EMACrossStrategy-000,MESM6.GLBX,GLBX-1-075,MESM6.GLBX-EMACrossStrategy-000,GLBX-001,GLBX-1-075,MARKET,SELL,1,GTC,False,False,1,TAKER,6636.0,0.0,['0.00 USD'],NO_TRIGGER,FILLED,NO_CONTINGENCY,,,,MY_GENERIC_ALGO,,O-20260406-150400-001-000-75,,b8e42d4f-d697-4cc3-bad5-70ce83f518a2,1775487840000000000,1775487840000000000,6636.125,0.125,0.1883629377083765
BACKTESTER-001,EMACrossStrategy-000,MESM6.GLBX,GLBX-1-076,MESM6.GLBX-EMACrossStrategy-000,GLBX-001,GLBX-1-076,MARKET,BUY,1,GTC,True,False,1,TAKER,6641.5,0.0,['0.00 USD'],NO_TRIGGER,FILLED,NO_CONTINGENCY,,,,MY_GENERIC_ALGO,,O-20260406-150900-001-000-76,,e7e17096-bef9-489e-93e3-f60633835b70,1775488140000000000,1775488140000000000,6641.375,0.125,0.18821403700287967
BACKTESTER-001,EMACrossStrategy-000,MESM6.GLBX,GLBX-1-077,MESM6.GLBX-EMACrossStrategy-000,GLBX-001,GLBX-1-077,MARKET,BUY,1,GTC,False,False,1,TAKER,6641.5,0.0,['0.00 USD'],NO_TRIGGER,FILLED,NO_CONTINGENCY,,,,MY_GENERIC_ALGO,,O-20260406-150900-001-000-77,,256ae3a0-2cf2-407c-b79e-038a30c418c8,1775488140000000000,1775488140000000000,6641.375,0.125,0.18821403700287967
BACKTESTER-001,EMACrossStrategy-000,MESM6.GLBX,GLBX-1-078,MESM6.GLBX-EMACrossStrategy-000,GLBX-001,GLBX-1-078,MARKET,SELL,1,GTC,True,False,1,TAKER,6636.5,0.0,['0.00 USD'],NO_TRIGGER,FILLED,NO_CONTINGENCY,,,,MY_GENERIC_ALGO,,O-20260406-151100-001-000-78,,4b6a7b3c-eb3a-468f-aa40-5c141deacd6c,1775488260000000000,1775488260000000000,6636.625,0.125,0.18834874653909178
BACKTESTER-001,EMACrossStrategy-000,MESM6.GLBX,GLBX-1-079,MESM6.GLBX-EMACrossStrategy-000,GLBX-001,GLBX-1-079,MARKET,SELL,1,GTC,False,False,1,TAKER,6636.5,0.0,['0.00 USD'],NO_TRIGGER,FILLED,NO_CONTINGENCY,,,,MY_GENERIC_ALGO,,O-20260406-151100-001-000-79,,28e97166-c469-4b4e-b67b-d0efa3a9c5d4,1775488260000000000,1775488260000000000,6636.625,0.125,0.18834874653909178
BACKTESTER-001,EMACrossStrategy-000,MESM6.GLBX,GLBX-1-080,MESM6.GLBX-EMACrossStrategy-000,GLBX-001,GLBX-1-080,MARKET,BUY,1,GTC,True,False,1,TAKER,6637.0,0.0,['0.00 USD'],NO_TRIGGER,FILLED,NO_CONTINGENCY,,,,MY_GENERIC_ALGO,,O-20260406-154700-001-000-80,,924d5bce-ff43-4e2b-8acf-0642fb4f533b,1775490420000000000,1775490420000000000,6636.875,0.125,0.1883416517562859
BACKTESTER-001,EMACrossStrategy-000,MESM6.GLBX,GLBX-1-081,MESM6.GLBX-EMACrossStrategy-000,GLBX-001,GLBX-1-081,MARKET,BUY,1,GTC,False,False,1,TAKER,6637.0,0.0,['0.00 USD'],NO_TRIGGER,FILLED,NO_CONTINGENCY,,,,MY_GENERIC_ALGO,,O-20260406-154700-001-000-81,,b0af3540-08f5-49fe-9e6a-1df76c5db429,1775490420000000000,1775490420000000000,6636.875,0.125,0.1883416517562859
BACKTESTER-001,EMACrossStrategy-000,MESM6.GLBX,GLBX-1-082,MESM6.GLBX-EMACrossStrategy-000,GLBX-001,GLBX-1-082,MARKET,SELL,1,GTC,True,False,1,TAKER,6636.25,0.0,['0.00 USD'],NO_TRIGGER,FILLED,NO_CONTINGENCY,,,,MY_GENERIC_ALGO,,O-20260406-161000-001-000-82,,bb9e4175-70ca-45a6-b6cd-55e03fbd366e,1775491800000000000,1775491800000000000,6636.5,0.25,0.3767045882618851
BACKTESTER-001,EMACrossStrategy-000,MESM6.GLBX,GLBX-1-083,MESM6.GLBX-EMACrossStrategy-000,GLBX-001,GLBX-1-083,MARKET,SELL,1,GTC,False,False,1,TAKER,6636.25,0.0,['0.00 USD'],NO_TRIGGER,FILLED,NO_CONTINGENCY,,,,MY_GENERIC_ALGO,,O-20260406-161000-001-000-83,,0690a67b-2513-4f16-a216-d6a3d2626a32,1775491800000000000,1775491800000000000,6636.5,0.25,0.3767045882618851
BACKTESTER-001,EMACrossStrategy-000,MESM6.GLBX,GLBX-1-084,MESM6.GLBX-EMACrossStrategy-000,GLBX-001,GLBX-1-084,MARKET,BUY,1,GTC,True,False,1,TAKER,6640.5,0.0,['0.00 USD'],NO_TRIGGER,FILLED,NO_CONTINGENCY,,,,MY_GENERIC_ALGO,,O-20260406-161700-001-000-84,,01c5701f-d675-4b83-8be8-d79080e9133b,1775492220000000000,1775492220000000000,6640.375,0.125,0.18824238088963346
BACKTESTER-001,EMACrossStrategy-000,MESM6.GLBX,GLBX-1-085,MESM6.GLBX-EMACrossStrategy-000,GLBX-001,GLBX-1-085,MARKET,BUY,1,GTC,False,False,1,TAKER,6640.5,0.0,['0.00 USD'],NO_TRIGGER,FILLED,NO_CONTINGENCY,,,,MY_GENERIC_ALGO,,O-20260406-161700-001-000-85,,a18a8edb-7965-46fc-9b05-6cf76fb15cad,1775492220000000000,1775492220000000000,6640.375,0.125,0.18824238088963346
BACKTESTER-001,EMACrossStrategy-000,MESM6.GLBX,GLBX-1-086,MESM6.GLBX-EMACrossStrategy-000,GLBX-001,GLBX-1-086,MARKET,SELL,1,GTC,True,False,1,TAKER,6641.0,0.0,['0.00 USD'],NO_TRIGGER,FILLED,NO_CONTINGENCY,,,,MY_GENERIC_ALGO,,O-20260406-165700-001-000-86,,24ed409a-acea-4bdd-a681-ef9dd2b25449,1775494620000000000,1775494620000000000,6641.125,0.125,0.1882211221743304
BACKTESTER-001,EMACrossStrategy-000,MESM6.GLBX,GLBX-1-087,MESM6.GLBX-EMACrossStrategy-000,GLBX-001,GLBX-1-087,MARKET,SELL,1,GTC,False,False,1,TAKER,6641.0,0.0,['0.00 USD'],NO_TRIGGER,FILLED,NO_CONTINGENCY,,,,MY_GENERIC_ALGO,,O-20260406-165700-001-000-87,,8d339e20-6057-4220-a758-d8c5fb850ff8,1775494620000000000,1775494620000000000,6641.125,0.125,0.1882211221743304
BACKTESTER-001,EMACrossStrategy-000,MESM6.GLBX,GLBX-1-088,MESM6.GLBX-EMACrossStrategy-000,GLBX-001,GLBX-1-088,MARKET,BUY,1,GTC,True,False,1,TAKER,6634.75,0.0,['0.00 USD'],NO_TRIGGER,FILLED,NO_CONTINGENCY,,,,MY_GENERIC_ALGO,,O-20260406-172700-001-000-88,,a5ed2e57-ac38-4c4a-a8d0-02b335c3f644,1775496420000000000,1775496420000000000,6634.5,0.25,0.3768181475619866
BACKTESTER-001,EMACrossStrategy-000,MESM6.GLBX,GLBX-1-089,MESM6.GLBX-EMACrossStrategy-000,GLBX-001,GLBX-1-089,MARKET,BUY,1,GTC,False,False,1,TAKER,6634.75,0.0,['0.00 USD'],NO_TRIGGER,FILLED,NO_CONTINGENCY,,,,MY_GENERIC_ALGO,,O-20260406-172700-001-000-89,,a8366b33-9965-4def-b90a-d7ff8870eb05,1775496420000000000,1775496420000000000,6634.5,0.25,0.3768181475619866
BACKTESTER-001,EMACrossStrategy-000,MESM6.GLBX,GLBX-1-090,MESM6.GLBX-EMACrossStrategy-000,GLBX-001,GLBX-1-090,MARKET,SELL,1,GTC,True,False,1,TAKER,6633.5,0.0,['0.00 USD'],NO_TRIGGER,FILLED,NO_CONTINGENCY,,,,MY_GENERIC_ALGO,,O-20260406-174400-001-000-90,,928b0426-8830-431d-b976-3b29c43ee672,1775497440000000000,1775497440000000000,6633.625,0.125,0.18843392564397296
BACKTESTER-001,EMACrossStrategy-000,MESM6.GLBX,GLBX-1-091,MESM6.GLBX-EMACrossStrategy-000,GLBX-001,GLBX-1-091,MARKET,SELL,1,GTC,False,False,1,TAKER,6633.5,0.0,['0.00 USD'],NO_TRIGGER,FILLED,NO_CONTINGENCY,,,,MY_GENERIC_ALGO,,O-20260406-174400-001-000-91,,4627f683-79d3-4f6c-aeb4-d5b0057a4253,1775497440000000000,1775497440000000000,6633.625,0.125,0.18843392564397296
BACKTESTER-001,EMACrossStrategy-000,MESM6.GLBX,GLBX-1-092,MESM6.GLBX-EMACrossStrategy-000,GLBX-001,GLBX-1-092,MARKET,BUY,1,GTC,True,False,1,TAKER,6637.5,0.0,['0.00 USD'],NO_TRIGGER,FILLED,NO_CONTINGENCY,,,,MY_GENERIC_ALGO,,O-20260406-181100-001-000-92,,e7c03cc1-1d65-4ae4-99d2-7955bb1bd39f,1775499060000000000,1775499060000000000,6637.25,0.25,0.3766620211684056
BACKTESTER-001,EMACrossStrategy-000,MESM6.GLBX,GLBX-1-093,MESM6.GLBX-EMACrossStrategy-000,GLBX-001,GLBX-1-093,MARKET,BUY,1,GTC,False,False,1,TAKER,6637.5,0.0,['0.00 USD'],NO_TRIGGER,FILLED,NO_CONTINGENCY,,,,MY_GENERIC_ALGO,,O-20260406-181100-001-000-93,,ad321eed-6f0c-423a-877c-6174dee39bd4,1775499060000000000,1775499060000000000,6637.25,0.25,0.3766620211684056
BACKTESTER-001,EMACrossStrategy-000,MESM6.GLBX,GLBX-1-094,MESM6.GLBX-EMACrossStrategy-000,GLBX-001,GLBX-1-094,MARKET,SELL,1,GTC,True,False,1,TAKER,6642.25,0.0,['0.00 USD'],NO_TRIGGER,FILLED,NO_CONTINGENCY,,,,MY_GENERIC_ALGO,,O-20260406-184400-001-000-94,,a8c77e9f-45fe-4ee8-9974-3a0e106c0952,1775501040000000000,1775501040000000000,6642.375,0.125,0.18818570165038861
BACKTESTER-001,EMACrossStrategy-000,MESM6.GLBX,GLBX-1-095,MESM6.GLBX-EMACrossStrategy-000,GLBX-001,GLBX-1-095,MARKET,SELL,1,GTC,False,False,1,TAKER,6642.25,0.0,['0.00 USD'],NO_TRIGGER,FILLED,NO_CONTINGENCY,,,,MY_GENERIC_ALGO,,O-20260406-184400-001-000-95,,6f82002d-c391-4172-82dd-6e1e5cdf7c82,1775501040000000000,1775501040000000000,6642.375,0.125,0.18818570165038861
BACKTESTER-001,EMACrossStrategy-000,MESM6.GLBX,GLBX-1-096,MESM6.GLBX-EMACrossStrategy-000,GLBX-001,GLBX-1-096,MARKET,BUY,1,GTC,True,False,1,TAKER,6644.0,0.0,['0.00 USD'],NO_TRIGGER,FILLED,NO_CONTINGENCY,,,,MY_GENERIC_ALGO,,O-20260406-184800-001-000-96,,45fdde51-7e2a-4718-935e-9c7491215707,1775501280000000000,1775501280000000000,6643.875,0.125,0.18814321461496492
BACKTESTER-001,EMACrossStrategy-000,MESM6.GLBX,GLBX-1-097,MESM6.GLBX-EMACrossStrategy-000,GLBX-001,GLBX-1-097,MARKET,BUY,1,GTC,False,False,1,TAKER,6644.0,0.0,['0.00 USD'],NO_TRIGGER,FILLED,NO_CONTINGENCY,,,,MY_GENERIC_ALGO,,O-20260406-184800-001-000-97,,72e1f8bd-ea50-4f7e-bd45-bbfeb3a3bbcd,1775501280000000000,1775501280000000000,6643.875,0.125,0.18814321461496492
BACKTESTER-001,EMACrossStrategy-000,MESM6.GLBX,GLBX-1-098,MESM6.GLBX-EMACrossStrategy-000,GLBX-001,GLBX-1-098,MARKET,SELL,1,GTC,True,False,1,TAKER,6643.5,0.0,['0.00 USD'],NO_TRIGGER,FILLED,NO_CONTINGENCY,,,,MY_GENERIC_ALGO,,O-20260406-191000-001-000-98,,08ff10bb-4426-4f39-bc65-03be9dd60d79,1775502600000000000,1775502600000000000,6643.625,0.125,0.18815029445521084
BACKTESTER-001,EMACrossStrategy-000,MESM6.GLBX,GLBX-1-099,MESM6.GLBX-EMACrossStrategy-000,GLBX-001,GLBX-1-099,MARKET,SELL,1,GTC,False,False,1,TAKER,6643.5,0.0,['0.00 USD'],NO_TRIGGER,FILLED,NO_CONTINGENCY,,,,MY_GENERIC_ALGO,,O-20260406-191000-001-000-99,,5f82ffef-0444-4833-86e9-4c32b3f33fcf,1775502600000000000,1775502600000000000,6643.625,0.125,0.18815029445521084
BACKTESTER-001,EMACrossStrategy-000,MESM6.GLBX,GLBX-1-100,MESM6.GLBX-EMACrossStrategy-000,GLBX-001,GLBX-1-100,MARKET,BUY,1,GTC,True,False,1,TAKER,6645.75,0.0,['0.00 USD'],NO_TRIGGER,FILLED,NO_CONTINGENCY,,,,MY_GENERIC_ALGO,,O-20260406-193600-001-000-100,,4a471cfb-aec6-4a82-a2f0-30ea053316a5,1775504160000000000,1775504160000000000,6645.625,0.125,0.1880936706479827
BACKTESTER-001,EMACrossStrategy-000,MESM6.GLBX,GLBX-1-101,MESM6.GLBX-EMACrossStrategy-000,GLBX-001,GLBX-1-101,MARKET,BUY,1,GTC,False,False,1,TAKER,6645.75,0.0,['0.00 USD'],NO_TRIGGER,FILLED,NO_CONTINGENCY,,,,MY_GENERIC_ALGO,,O-20260406-193600-001-000-101,,a4ac64e7-cc33-4f3d-97fd-4818495108d9,1775504160000000000,1775504160000000000,6645.625,0.125,0.1880936706479827
BACKTESTER-001,EMACrossStrategy-000,MESM6.GLBX,GLBX-1-102,MESM6.GLBX-EMACrossStrategy-000,GLBX-001,GLBX-1-102,MARKET,SELL,1,GTC,True,False,1,TAKER,6642.5,0.0,['0.00 USD'],NO_TRIGGER,FILLED,NO_CONTINGENCY,,,,MY_GENERIC_ALGO,,O-20260406-194200-001-000-102,,0c7f5a78-4e81-47f2-aab5-81b71916d7a6,1775504520000000000,1775504520000000000,6642.625,0.125,0.1881786191452927
BACKTESTER-001,EMACrossStrategy-000,MESM6.GLBX,GLBX-1-103,MESM6.GLBX-EMACrossStrategy-000,GLBX-001,GLBX-1-103,MARKET,SELL,1,GTC,False,False,1,TAKER,6642.5,0.0,['0.00 USD'],NO_TRIGGER,FILLED,NO_CONTINGENCY,,,,MY_GENERIC_ALGO,,O-20260406-194200-001-000-103,,b30eb810-612c-4e0a-9574-1fa9d6bb2736,1775504520000000000,1775504520000000000,6642.625,0.125,0.1881786191452927
BACKTESTER-001,EMACrossStrategy-000,MESM6.GLBX,GLBX-1-104,MESM6.GLBX-EMACrossStrategy-000,GLBX-001,GLBX-1-104,MARKET,BUY,1,GTC,True,False,1,TAKER,6646.5,0.0,['0.00 USD'],NO_TRIGGER,FILLED,NO_CONTINGENCY,,,,MY_GENERIC_ALGO,,O-20260406-194500-001-000-104,,367e9b81-c867-4fc8-9e91-a039affffe44,1775504700000000000,1775504700000000000,6646.375,0.125,0.1880724455060089
BACKTESTER-001,EMACrossStrategy-000,MESM6.GLBX,GLBX-1-105,MESM6.GLBX-EMACrossStrategy-000,GLBX-001,GLBX-1-105,MARKET,BUY,1,GTC,False,False,1,TAKER,6646.5,0.0,['0.00 USD'],NO_TRIGGER,FILLED,NO_CONTINGENCY,,,,MY_GENERIC_ALGO,,O-20260406-194500-001-000-105,,f44d8d9a-d3f6-47c5-b15a-5a53fe1346df,1775504700000000000,1775504700000000000,6646.375,0.125,0.1880724455060089
BACKTESTER-001,EMACrossStrategy-000,MESM6.GLBX,GLBX-1-106,MESM6.GLBX-EMACrossStrategy-000,GLBX-001,GLBX-1-106,MARKET,SELL,1,GTC,True,False,1,TAKER,6648.25,0.0,['0.00 USD'],NO_TRIGGER,FILLED,NO_CONTINGENCY,,,,MY_GENERIC_ALGO,,O-20260406-201500-001-000-106,,adb03e87-df2f-4b9a-b6e7-f5b8984ab13a,1775506500000000000,1775506500000000000,6648.375,0.125,0.18801586853930471
BACKTESTER-001,EMACrossStrategy-000,MESM6.GLBX,GLBX-1-107,MESM6.GLBX-EMACrossStrategy-000,GLBX-001,GLBX-1-107,MARKET,SELL,1,GTC,False,False,1,TAKER,6648.25,0.0,['0.00 USD'],NO_TRIGGER,FILLED,NO_CONTINGENCY,,,,MY_GENERIC_ALGO,,O-20260406-201500-001-000-107,,f865e1d3-2f33-4cc3-8ee6-68c252375097,1775506500000000000,1775506500000000000,6648.375,0.125,0.18801586853930471
BACKTESTER-001,EMACrossStrategy-000,MESM6.GLBX,GLBX-1-108,MESM6.GLBX-EMACrossStrategy-000,GLBX-001,GLBX-1-108,MARKET,BUY,1,GTC,True,False,1,TAKER,6650.0,0.0,['0.00 USD'],NO_TRIGGER,FILLED,NO_CONTINGENCY,,,,MY_GENERIC_ALGO,,O-20260406-202200-001-000-108,,f80b5c9a-892a-40f4-9ea9-26687ea05465,1775506920000000000,1775506920000000000,6649.875,0.125,0.18797345814770952
BACKTESTER-001,EMACrossStrategy-000,MESM6.GLBX,GLBX-1-109,MESM6.GLBX-EMACrossStrategy-000,GLBX-001,GLBX-1-109,MARKET,BUY,1,GTC,False,False,1,TAKER,6650.0,0.0,['0.00 USD'],NO_TRIGGER,FILLED,NO_CONTINGENCY,,,,MY_GENERIC_ALGO,,O-20260406-202200-001-000-109,,81f8556c-03ff-4a42-ad1e-b926ed0652b1,1775506920000000000,1775506920000000000,6649.875,0.125,0.18797345814770952
BACKTESTER-001,EMACrossStrategy-000,MESM6.GLBX,GLBX-1-110,MESM6.GLBX-EMACrossStrategy-000,GLBX-001,GLBX-1-110,MARKET,SELL,1,GTC,True,False,1,TAKER,6650.25,0.0,['0.00 USD'],NO_TRIGGER,FILLED,NO_CONTINGENCY,,,,MY_GENERIC_ALGO,,O-20260406-204700-001-000-110,,d8bbbddb-7a56-4c2b-9cae-eb78c6e197e8,1775508420000000000,1775508420000000000,6650.375,0.125,0.18795932560193973
BACKTESTER-001,EMACrossStrategy-000,MESM6.GLBX,GLBX-1-111,MESM6.GLBX-EMACrossStrategy-000,GLBX-001,GLBX-1-111,MARKET,SELL,1,GTC,False,False,1,TAKER,6650.25,0.0,['0.00 USD'],NO_TRIGGER,FILLED,NO_CONTINGENCY,,,,MY_GENERIC_ALGO,,O-20260406-204700-001-000-111,,d84bfda8-3d0a-47b4-a24e-89e59e690ac7,1775508420000000000,1775508420000000000,6650.375,0.125,0.18795932560193973
BACKTESTER-001,EMACrossStrategy-000,MESM6.GLBX,GLBX-1-112,MESM6.GLBX-EMACrossStrategy-000,GLBX-001,GLBX-1-112,MARKET,BUY,1,GTC,True,False,1,TAKER,6653.0,0.0,['0.00 USD'],NO_TRIGGER,FILLED,NO_CONTINGENCY,,,,MY_GENERIC_ALGO,,O-20260406-220100-001-000-112,,1eee814e-e820-4729-bfa5-899e5c653694,1775512860000000000,1775512860000000000,6652.75,0.25,0.3757844500394574
BACKTESTER-001,EMACrossStrategy-000,MESM6.GLBX,GLBX-1-113,MESM6.GLBX-EMACrossStrategy-000,GLBX-001,GLBX-1-113,MARKET,BUY,1,GTC,False,False,1,TAKER,6653.0,0.0,['0.00 USD'],NO_TRIGGER,FILLED,NO_CONTINGENCY,,,,MY_GENERIC_ALGO,,O-20260406-220100-001-000-113,,d72ef433-e259-4acf-802a-2e6ba7d06091,1775512860000000000,1775512860000000000,6652.75,0.25,0.3757844500394574
BACKTESTER-001,EMACrossStrategy-000,MESM6.GLBX,GLBX-1-114,MESM6.GLBX-EMACrossStrategy-000,GLBX-001,GLBX-1-114,MARKET,SELL,1,GTC,True,False,1,TAKER,6652.75,0.0,['0.00 USD'],NO_TRIGGER,FILLED,NO_CONTINGENCY,,,,MY_GENERIC_ALGO,,O-20260406-222300-001-000-114,,da7f348d-51b3-4278-9e0e-ff2e6d99bea8,1775514180000000000,1775514180000000000,6652.875,0.125,0.18788869473723765
BACKTESTER-001,EMACrossStrategy-000,MESM6.GLBX,GLBX-1-115,MESM6.GLBX-EMACrossStrategy-000,GLBX-001,GLBX-1-115,MARKET,SELL,1,GTC,False,False,1,TAKER,6652.75,0.0,['0.00 USD'],NO_TRIGGER,FILLED,NO_CONTINGENCY,,,,MY_GENERIC_ALGO,,O-20260406-222300-001-000-115,,f94e6acb-1f3d-4c88-9ee7-877022795d3b,1775514180000000000,1775514180000000000,6652.875,0.125,0.18788869473723765
BACKTESTER-001,EMACrossStrategy-000,MESM6.GLBX,GLBX-1-116,MESM6.GLBX-EMACrossStrategy-000,GLBX-001,GLBX-1-116,MARKET,BUY,1,GTC,True,False,1,TAKER,6646.5,0.0,['0.00 USD'],NO_TRIGGER,FILLED,NO_CONTINGENCY,,,,MY_GENERIC_ALGO,,O-20260406-231000-001-000-116,,053eb759-dee0-498a-9030-6175376c634c,1775517000000000000,1775517000000000000,6646.375,0.125,0.1880724455060089
BACKTESTER-001,EMACrossStrategy-000,MESM6.GLBX,GLBX-1-117,MESM6.GLBX-EMACrossStrategy-000,GLBX-001,GLBX-1-117,MARKET,BUY,1,GTC,False,False,1,TAKER,6646.5,0.0,['0.00 USD'],NO_TRIGGER,FILLED,NO_CONTINGENCY,,,,MY_GENERIC_ALGO,,O-20260406-231000-001-000-117,,00e3280c-029f-4bba-bb02-e4428781e044,1775517000000000000,1775517000000000000,6646.375,0.125,0.1880724455060089
BACKTESTER-001,EMACrossStrategy-000,MESM6.GLBX,GLBX-1-118,MESM6.GLBX-EMACrossStrategy-000,GLBX-001,GLBX-1-118,MARKET,SELL,1,GTC,True,False,1,TAKER,6645.25,0.0,['0.00 USD'],NO_TRIGGER,FILLED,NO_CONTINGENCY,,,,MY_GENERIC_ALGO,,O-20260406-232500-001-000-118,,32ed7b4c-cc37-429f-b237-bff32adbadeb,1775517900000000000,1775517900000000000,6645.5,0.25,0.37619441727484765
BACKTESTER-001,EMACrossStrategy-000,MESM6.GLBX,GLBX-1-119,MESM6.GLBX-EMACrossStrategy-000,GLBX-001,GLBX-1-119,MARKET,SELL,1,GTC,False,False,1,TAKER,6645.25,0.0,['0.00 USD'],NO_TRIGGER,FILLED,NO_CONTINGENCY,,,,MY_GENERIC_ALGO,,O-20260406-232500-001-000-119,,bf4da836-7c01-4da8-9b38-8199885f62be,1775517900000000000,1775517900000000000,6645.5,0.25,0.37619441727484765
BACKTESTER-001,EMACrossStrategy-000,MESM6.GLBX,GLBX-1-120,MESM6.GLBX-EMACrossStrategy-000,GLBX-001,GLBX-1-120,MARKET,BUY,1,GTC,True,False,1,TAKER,6642.0,0.0,['0.00 USD'],NO_TRIGGER,FILLED,NO_CONTINGENCY,,,,MY_GENERIC_ALGO,,O-20260406-235959-001-000-120,,bf8ddcd3-16d7-42aa-ad31-f00af2cb451c,1775519999996620595,1775519999996620595,6641.875,0.125,0.18819986826009222
